-- phpMyAdmin SQL Dump
-- version 4.4.14
-- http://www.phpmyadmin.net
--
-- Servidor: 127.0.0.1
-- Tiempo de generación: 20-10-2015 a las 05:48:31
-- Versión del servidor: 5.6.26
-- Versión de PHP: 5.6.12

SET SQL_MODE = "NO_AUTO_VALUE_ON_ZERO";
SET time_zone = "+00:00";


/*!40101 SET @OLD_CHARACTER_SET_CLIENT=@@CHARACTER_SET_CLIENT */;
/*!40101 SET @OLD_CHARACTER_SET_RESULTS=@@CHARACTER_SET_RESULTS */;
/*!40101 SET @OLD_COLLATION_CONNECTION=@@COLLATION_CONNECTION */;
/*!40101 SET NAMES utf8mb4 */;

--
-- Base de datos: `convivir`
--

-- --------------------------------------------------------

--
-- Estructura de tabla para la tabla `categoriaproducto`
--

CREATE TABLE IF NOT EXISTS `categoriaproducto` (
  `IdCategoria` int(11) NOT NULL,
  `Nombre` varchar(1000) NOT NULL,
  `IdTipo` int(11) NOT NULL
) ENGINE=InnoDB AUTO_INCREMENT=88 DEFAULT CHARSET=latin1;

--
-- Volcado de datos para la tabla `categoriaproducto`
--

INSERT INTO `categoriaproducto` (`IdCategoria`, `Nombre`, `IdTipo`) VALUES
(1, 'Bebidas y jugos', 1),
(2, 'Cecinas', 1),
(3, 'Carnes procesadas', 1),
(4, 'Golosinas: caramelos, gomitas, otros', 1),
(5, 'Helados', 1),
(6, 'Hamburguesas', 1),
(7, 'Harinas, almidones y premezclas', 1),
(8, 'Productos horneados y Pastelería', 1),
(9, 'Galletas ', 1),
(10, 'Otras leches', 1),
(11, 'Productos para repostería y panificación', 1),
(12, 'Pastas', 1),
(13, 'Postres', 1),
(14, 'Snack', 1),
(15, 'Suplementos alimentarios', 1),
(16, 'Endulzante ', 1),
(17, 'Galletas, panes, horneados en general', 1),
(18, 'Cereales para desayuno y barras de cereal', 1),
(20, 'Pastas y fideos', 1),
(21, 'Conservas', 1),
(22, 'Alimentos para regímenes especiales', 1),
(23, 'Productos lácteos', 1),
(24, 'Chocolates y caramelos', 1),
(25, 'Ingredientes especiales', 1),
(26, 'Sopas y cremas', 1),
(27, 'Postres y  helados', 1),
(28, 'Leches vegetales', 1),
(29, 'Frutos secos - liofilizada', 1),
(30, 'Otros ', 1),
(31, 'Licores', 1),
(32, 'Jugos y bebidas', 1),
(33, 'Salsas y aliños', 1),
(34, 'Lácteos', 1),
(35, 'Mermelada', 1),
(36, 'Galletas y colaciones ', 1),
(37, 'Harinas y almidones ', 1),
(38, 'Productos horneados ', 1),
(39, 'Productos de uso personal', 2),
(40, 'Antimicótico de amplio espectro', 2),
(41, 'Analgésico. Relajante muscular', 2),
(42, 'Antagonista del calcio. Antiarrítmico. Hipotensor', 2),
(43, 'Antialérgico. Antihistamínico', 2),
(44, 'Antialérgico. Antihistamínico. Descongestivo', 2),
(45, 'Antianginoso. Vasodilatador coronario', 2),
(46, 'Antiarrítmico', 2),
(47, 'Antibiótico tetraciclínico de amplio espectro', 2),
(48, 'Anticonvulsivante Benzodiazepínico. Tranquilizante. Ansiolítico', 2),
(49, 'Anticonvulsivantes Antiepilépticos ', 2),
(50, 'Antidepresivo', 2),
(51, 'Antidiarreico ecológico', 2),
(52, 'Antigripal. Analgésico. Descongestionante', 2),
(53, 'Antihipertensivo. Diurético. Tratamiento de la insuficiencia cardíaca', 2),
(54, 'Antihistamínico. Descongestivo nasal. Corticoterapia asociada', 2),
(55, 'Antinflamatorio no esteroide. Analgésico. Antirreumático', 2),
(56, 'Antinflamatorio. Antipirético', 2),
(57, 'Antijaquecoso. Antimigrañosos', 2),
(58, 'Antirreumático, analgésico y antiflogístico con inhibición preferencial de la forma inducible de la enzima ciclooxigenasa (COX-2)', 2),
(59, 'Antiséptico bucofaríngeo', 2),
(60, 'Antitusivo. Descongestivo', 2),
(61, 'Antivertiginoso, Antiemético', 2),
(62, 'Antiulceroso', 2),
(63, 'Betabloqueador b1-selectivo', 2),
(64, 'Bloqueador de los canales del calcio', 2),
(65, 'Estimulante de acción central', 2),
(66, 'Cerebrotónico', 2),
(67, 'Expectorante. Antitusivo. Broncoespasmolítico', 2),
(68, 'Farmacoterapia de la hiperplasia prostática benigna', 2),
(69, 'Farmacoterapia del acné', 2),
(70, 'Glucocorticoide. Antinflamatorio. Antirreumático. Antialérgico', 2),
(71, 'Hipoglucemiante', 2),
(72, 'Hipoglicemiante. Antihiperglicemiante', 2),
(73, 'Hipolipemiante', 2),
(74, 'Hormonoterapia tiroidea', 2),
(75, 'Metabolismo Óseo', 2),
(76, 'Miorrelajante. Sedante', 2),
(77, 'Neuroprotector. Reactivador de las funciones psíquicas y motoras', 2),
(78, 'Neuroprotector. Procolinérgico', 2),
(79, 'Procinético-antiemético', 2),
(80, 'Suplementación de una dieta diaria subóptima con bacterias de ácido láctico, vitaminas, minerales y oligoelementos', 2),
(81, 'Suplemento de apoyo al climaterio', 2),
(82, 'Suplemento de calcio y vitamina D oral', 2),
(83, 'Suplemento vitamínico. Polivitamínico con minerales. Antioxidante', 2),
(84, 'Terapia de sustitución tiroidea', 2),
(85, 'Vitamina D3', 2),
(86, 'Suplemento Nutricional', 2),
(87, 'Sin Categoría ', 2);

-- --------------------------------------------------------

--
-- Estructura de tabla para la tabla `empresa`
--

CREATE TABLE IF NOT EXISTS `empresa` (
  `IdEmpresa` int(11) NOT NULL,
  `Nombre` varchar(512) NOT NULL
) ENGINE=InnoDB AUTO_INCREMENT=229 DEFAULT CHARSET=latin1;

--
-- Volcado de datos para la tabla `empresa`
--

INSERT INTO `empresa` (`IdEmpresa`, `Nombre`) VALUES
(1, 'Agroindustrial Negroni'),
(2, 'Alea reposteria saludable'),
(3, 'Alforfón Valdivia'),
(4, 'Alhue'),
(5, 'Almond Dream'),
(6, 'Alnatura'),
(7, 'Amar-a'),
(8, 'Ambrosoli'),
(9, 'Andes Soul'),
(10, 'Arrocitas'),
(11, 'Arrozen'),
(12, 'Balugani'),
(13, 'Barilla'),
(14, 'Batalle'),
(15, 'Beho'),
(16, 'Benot'),
(17, 'Blue Dragon '),
(18, 'Blue Patna'),
(19, 'Bobs Red Mill'),
(20, 'Boddyfruits'),
(21, 'BodyVida'),
(22, 'Boulder'),
(23, 'Cal Perdiu '),
(24, 'Calaf'),
(25, 'Calippo (Bresler)'),
(26, 'CampFire'),
(27, 'Caricia'),
(28, 'Carmencita'),
(29, 'CCU'),
(30, 'Cecinas Alejandro'),
(31, 'Cerealitas'),
(32, 'Colgate Palmolive'),
(33, 'Colun'),
(34, 'Convida'),
(35, 'Copacabana'),
(36, 'Coppenrath'),
(37, 'Coronilla'),
(38, 'Crispy Green'),
(39, 'Daura Damm'),
(40, 'Dbt` Sabores'),
(41, 'De mi campo'),
(42, 'Deli Rice'),
(43, 'Deliciosa'),
(44, 'Disa'),
(45, 'Dulcelia'),
(46, 'Eat Smart Naturals'),
(47, 'Ecovida'),
(48, 'El Lobo'),
(49, 'El Pueblo'),
(50, 'El Roble'),
(51, 'Embotelladora Andina S.A.'),
(52, 'Empire'),
(53, 'Emporio La Rosa '),
(54, 'Empresa'),
(55, 'En linea (Eckart) '),
(56, 'Encho'),
(57, 'EnerG'),
(58, 'Erewhon'),
(59, 'Extend Nutrition'),
(60, 'Extrumol'),
(61, 'Ferrero'),
(62, 'Fini'),
(64, 'Fiorentini'),
(65, 'French`s'),
(66, 'Fuerza Natural'),
(67, 'Gallo'),
(68, 'Glutino'),
(69, 'Golondrina'),
(70, 'Good Food'),
(71, 'Gourmet'),
(72, 'Granovita'),
(73, 'Gullón'),
(74, 'Helados Bobbo '),
(75, 'Hellmanns'),
(76, 'Henstenberger'),
(77, 'HipoRepostería'),
(78, 'Iansa Cero K'),
(79, 'Ideal'),
(80, 'Imperial'),
(81, 'Instant Success'),
(82, 'Inverni'),
(83, 'Irupana'),
(84, 'iSOUL'),
(85, 'Juan Becher'),
(86, 'Jumbo'),
(87, 'Jyoti'),
(88, 'Kemps'),
(89, 'Koops'),
(90, 'Kraft'),
(91, 'Kupiec'),
(92, 'La Fuente Natural'),
(93, 'La Preferida'),
(94, 'Laboratorio'),
(95, 'Laboratorio Abbott'),
(96, 'Laboratorio Andrómaco'),
(97, 'Laboratorio Bagó'),
(98, 'Laboratorio Bayer'),
(99, 'Laboratorio Boston'),
(100, 'Laboratorio Chile'),
(101, 'Laboratorio Merck'),
(102, 'Laboratorio Pasteur'),
(103, 'Le Veneziane'),
(104, 'Leche Sur'),
(105, 'Lefersa'),
(106, 'Lheritier'),
(107, 'Llanquihue'),
(108, 'Loncoleche'),
(109, 'Los Alerces'),
(110, 'Los Cuates'),
(111, 'Los Tilos'),
(112, 'Low and Free Bakery (Concepción)'),
(113, 'Luciole'),
(114, 'Lulemuu'),
(115, 'M&M'),
(116, 'Malloa'),
(117, 'Manare'),
(118, 'Mantecol'),
(119, 'Marco Polo'),
(120, 'Master Rice'),
(121, 'Mc Cormick '),
(122, 'Mecklenburger Küche'),
(123, 'Meditalia'),
(124, 'Medtrition'),
(125, 'Melona'),
(126, 'Memorable'),
(127, 'Mesonot Andean'),
(128, 'Mesonot Andean Quínoa'),
(129, 'Mi otra pasión'),
(130, 'Mi Tierra'),
(131, 'Mimun'),
(132, 'Mini Arrocitas'),
(133, 'Mini Cakes'),
(134, 'Miraflores'),
(135, 'Mizos'),
(136, 'Mungku'),
(137, 'Nachos-Macritas'),
(138, 'Natrol'),
(139, 'Natur-a'),
(140, 'Natura'),
(141, 'Natural 1492'),
(142, 'Nature Crops'),
(143, 'Nature´s Bounty'),
(144, 'Naturgreen'),
(145, 'Nestlé'),
(146, 'Nevilac'),
(147, 'Nicoli'),
(148, 'Nido'),
(149, 'Nnova Rice'),
(150, 'Noglut'),
(151, 'Noglut-Santiveri'),
(152, 'Nutrigen'),
(153, 'Nutrisa'),
(154, 'Ocean Spray'),
(155, 'Oogies'),
(156, 'Orgran'),
(157, 'Pacific'),
(158, 'Pamela Grant'),
(159, 'Pancho Villa'),
(160, 'Pastry Choc - Ambrosoli'),
(161, 'Paty'),
(162, 'Pepsodent'),
(163, 'Pop Top'),
(164, 'Promauka'),
(165, 'Punto Rosso'),
(166, 'Puratos'),
(167, 'Regimel'),
(168, 'Rice Crisps'),
(169, 'Riso Bello'),
(170, 'Ro-Ro'),
(171, 'Royal'),
(172, 'Sabores del sol'),
(173, 'Sabores para alegrar'),
(174, 'Sakura'),
(175, 'Salmas'),
(176, 'Samai'),
(177, 'San Francisco de Loncomilla'),
(178, 'Saniglut'),
(179, 'Santa Maria'),
(180, 'Santa Rosa'),
(181, 'Santis Cupcakes'),
(182, 'Santiveri'),
(183, 'Santiveri-Noglut'),
(184, 'Schär'),
(185, 'Scotti'),
(186, 'SinGluko'),
(187, 'SinGluten'),
(188, 'Slimbar'),
(189, 'Snack Adventure '),
(190, 'So Delicious'),
(191, 'Sopraval'),
(192, 'Splenda'),
(193, 'Super Calo'),
(194, 'Svelty'),
(195, 'Tamari'),
(196, 'Taste of Nature'),
(198, 'Thani'),
(199, 'The Bridge'),
(200, 'The Tea Room'),
(201, 'Tika'),
(202, 'Toblerone'),
(203, 'Torras'),
(204, 'Tostaduría Talca'),
(205, 'Tottus'),
(206, 'Trini'),
(207, 'Trolli'),
(208, 'Tucapel'),
(209, 'Unilever Bestfoods'),
(210, 'UpFree'),
(211, 'Valor'),
(212, 'Valsoia'),
(213, 'Van Camps '),
(214, 'Victus'),
(215, 'Viva la Papa'),
(216, 'Vivalite'),
(217, 'Watt`s'),
(218, 'Wawa'),
(220, 'Winter'),
(221, 'Ximena Irarrázaval'),
(222, 'Yogu Yogu'),
(223, 'Yohana Vasquez'),
(224, 'Zenzero'),
(225, 'Zilch'),
(226, 'Zuko '),
(227, ''),
(228, 'Laboratorio Maver');

-- --------------------------------------------------------

--
-- Estructura de tabla para la tabla `estadocertificacion`
--

CREATE TABLE IF NOT EXISTS `estadocertificacion` (
  `IdEstadoCertificacion` int(11) NOT NULL,
  `Nombre` varchar(100) NOT NULL
) ENGINE=InnoDB AUTO_INCREMENT=4 DEFAULT CHARSET=latin1;

--
-- Volcado de datos para la tabla `estadocertificacion`
--

INSERT INTO `estadocertificacion` (`IdEstadoCertificacion`, `Nombre`) VALUES
(1, 'Vigente'),
(2, 'Caducada'),
(3, 'En Renovación');

-- --------------------------------------------------------

--
-- Estructura de tabla para la tabla `producto`
--

CREATE TABLE IF NOT EXISTS `producto` (
  `IdProducto` int(11) NOT NULL,
  `Descripcion` varchar(8000) NOT NULL,
  `IdTipo` int(11) NOT NULL,
  `IdSubcategoria` int(11) NOT NULL,
  `IdEmpresa` int(11) NOT NULL,
  `IdCategoria` int(11) NOT NULL,
  `IdEstadoCertificacion` int(11) DEFAULT NULL
) ENGINE=InnoDB AUTO_INCREMENT=1198 DEFAULT CHARSET=latin1;

--
-- Volcado de datos para la tabla `producto`
--

INSERT INTO `producto` (`IdProducto`, `Descripcion`, `IdTipo`, `IdSubcategoria`, `IdEmpresa`, `IdCategoria`, `IdEstadoCertificacion`) VALUES
(1, 'Enjuague Bucal con flúor COLGATE PLAX sin alcohol', 2, 319, 32, 39, 1),
(2, 'Enjuague Bucal con flúor COLGATE PLAX KIDS sabor tuti-fruti', 2, 319, 32, 39, 1),
(3, 'Enjuague bucal anticaries a base de flúor Colgate Phos Flur', 2, 319, 32, 39, 1),
(4, 'Enjuague bucal con flúor COLGATE PLAX complete Care menta', 2, 319, 32, 39, 1),
(5, 'Enjuague bucal con fluor.COLGATE LUMINOUS WHITE', 2, 319, 32, 39, 1),
(6, 'Enjuague bucal con flúor COLGATE PLAX Whitening control sarro', 2, 319, 32, 39, 1),
(7, 'Enjuague bucal Colgate Plax Sensitive', 2, 319, 32, 39, 1),
(8, 'Enjuague bucal Colgate Plax Whitening', 2, 319, 32, 39, 1),
(9, 'Gel dental Colgate Prevident 5000 Plus Spearmint', 2, 320, 32, 39, 1),
(10, 'Gel dental con flúor COLGATE MAX WHITE con láminas de blanqueadoras KMM', 2, 320, 32, 39, 1),
(11, 'Solución bucal Colgate Perio-Gard', 2, 321, 32, 39, 1),
(12, 'Barniz dental con 5% de fluoruro de sodio Duraphat', 2, 322, 32, 39, 1),
(13, 'Jabón contra bacterias PROTEX BALANCE', 2, 323, 32, 39, 1),
(14, 'Jabón tocador PALMOLIVE natural con menta y eucalipto', 2, 323, 32, 39, 1),
(15, 'Crema dental con flúor para niños COLGATE JUNIOR Bob esponja', 2, 324, 32, 39, 1),
(16, 'Crema dental con flúor para niños COLGATE JUNIOR Barney', 2, 324, 32, 39, 1),
(17, 'Crema dental con flúor para niños COLGATE JUNIOR Barbie', 2, 324, 32, 39, 1),
(18, 'Gel dental con flúor para niños COLGATE JUNIOR Shrek', 2, 324, 32, 39, 1),
(19, 'Gel dental con flúor COLGATE MAX WHITE con láminas de blancura', 2, 324, 32, 39, 1),
(20, 'Crema dental Colgate Sensitive Pro', 2, 324, 32, 39, 1),
(21, 'Crema dental con flúor COLGATE SENSITIVE blanqueadora', 2, 324, 32, 39, 1),
(22, 'Crema dental con flúor COLGATE SENSITIVE fresh stripe', 2, 324, 32, 39, 1),
(23, 'Crema dental con flúor COLGATE SENSITIVE multi protección', 2, 324, 32, 39, 1),
(24, 'Gel dental con flúor activo KOLYNOS triple frescura sabor refrescante', 2, 324, 32, 39, 1),
(25, 'Crema dental con flúor COLGATE HERBAL blanqueadora Menta fresca', 2, 324, 32, 39, 1),
(26, 'Crema dental anticaries con fluoruro y acción blanqueadora COLGATE TOTAL 12 whitening gel', 2, 324, 32, 39, 1),
(27, 'Crema dental anticaries con flúor COLGATE TOTAL 12 professional clean', 2, 324, 32, 39, 1),
(28, 'Crema dental anticaries con flúor COLGATE TOTAL 12 clean mint', 2, 324, 32, 39, 1),
(29, 'Crema dental con flúor COLGATE MAX FRESH noche', 2, 324, 32, 39, 1),
(30, 'Crema dental anticaries con flúor COLGATE TOTAL 12 professional sensitive', 2, 324, 32, 39, 1),
(31, 'Crema dental con flúor COLGATE SENSITIVE protege esmalte', 2, 324, 32, 39, 1),
(32, 'Crema dental anticaries con flúor COLGATE TOTAL 12 Professional whitening', 2, 324, 32, 39, 1),
(33, 'Crema dental con flúor COLGATE SENSITIVE Pro Alivio', 2, 324, 32, 39, 1),
(34, 'Crema dental con flúor COLGATE SENSITIVE Pro alivio multi-protección', 2, 324, 32, 39, 1),
(35, 'Crema dental con flúor COLGATE LUMINOUS WHITE BRILLANT MINT', 2, 324, 32, 39, 1),
(36, 'MICOSET, comprimidos 250 mg', 2, 325, 97, 40, 1),
(37, 'BREVEX, comprimidos recubiertos', 2, 326, 97, 41, 1),
(38, 'DOLOTEN, comprimidos recubiertos', 2, 326, 97, 41, 1),
(39, 'INCORIL, comprimidos recubiertos de liberación prolongada 60 mg', 2, 328, 97, 42, 1),
(40, 'INCORIL AP, comprimidos recubiertos de liberación prolongada 90 y 60 mg', 2, 328, 97, 42, 1),
(41, 'DEGRALER, comprimidos recubiertos 5 mg', 2, 329, 97, 43, 1),
(42, 'DEGRALER, jarabe 2,5 mg/5 ml; gotas 5mg/ml', 2, 329, 97, 43, 1),
(43, 'DEGRALER FORTE, jarabe 5mg/5ml', 2, 329, 97, 43, 1),
(44, 'NEOALERTOP, en gotas 5mg/ml', 2, 329, 100, 43, 1),
(45, 'NEOALERTOP, comprimidos 5 mg ', 2, 329, 100, 43, 1),
(46, 'NEOALERTOP, jarabe 2,5 mg/5ml', 2, 329, 100, 43, 1),
(47, 'REMITEX comprimidos recubiertos 10 mg', 2, 330, 97, 44, 1),
(48, 'REMITEX solución para gotas orales 10 mg/1 ml', 2, 330, 97, 44, 1),
(49, 'REMITEX jarabe 5 mg/5 ml', 2, 331, 97, 44, 1),
(50, 'REMITEX D , capsulas con gránulos de liberación prolongada', 2, 331, 97, 44, 1),
(51, 'DESPEX, jarabe 2,5 mg/5ml ', 2, 332, 100, 44, 1),
(52, 'DESPEX, comprimidos 5 mg', 2, 332, 100, 44, 1),
(53, 'MONOPACK, comprimidos 20 mg, 40 mg', 2, 333, 97, 45, 1),
(54, 'RITMOCARDYL , comprimidos 200 mg', 2, 334, 97, 46, 1),
(55, 'BAGOMICINA, comprimidos recubiertos 100 mg, 50 mg', 2, 335, 97, 47, 1),
(56, 'CLONAPAM, 0.5 mg', 2, 336, 100, 48, 1),
(57, 'NEURYL ODT, comprimidos bucodispersables 0.5 mg y 2 mg', 2, 336, 97, 48, 1),
(58, 'NEURYL PLUS, comprimidos', 2, 336, 97, 48, 1),
(59, 'TRANQUINAL, comprimidos 0,5 mg', 2, 337, 97, 48, 1),
(60, 'PRESTAT, comprimidos 75 mg y 150 mg', 2, 338, 97, 49, 1),
(61, 'PREGALEX, comprimido 75 mg y 150 mg', 2, 338, 96, 49, 1),
(62, 'DIAPRESAN, comprimidos 100 mg, 25 mg', 2, 339, 97, 50, 1),
(63, 'DIAPRESAN LP, comprimido recubierto 150 mg', 2, 339, 97, 50, 1),
(64, 'NEOPRESOL, comprimidos recubiertos', 2, 340, 97, 50, 1),
(65, 'TEMPERAX, comprimidos recubiertos 20 mg.', 2, 341, 97, 50, 1),
(66, 'ZULEPTAN, comprimidos recubiertos 30 mg', 2, 342, 97, 50, 1),
(67, 'NERVIX SR, capsulas con gránulos de liberación prolongada 150 y 75 mg', 2, 343, 97, 50, 1),
(68, 'NERVIX 50 mg, comprimidos recubiertos', 2, 343, 97, 50, 1),
(69, 'NERVIX 75 mg, comprimido recubierto', 2, 343, 97, 50, 1),
(70, 'POSIVYL, 20mg', 2, 344, 100, 50, 1),
(71, 'LIBERTOX, comprimidos recubiertos 20 mg', 2, 345, 97, 50, 1),
(72, 'PERENTERYL, capsulas', 2, 346, 101, 51, 1),
(73, 'PERENTERYL Pediátrico ', 2, 346, 101, 51, 1),
(74, 'GRIPASAN compuesto DN', 2, 347, 100, 52, 1),
(75, 'NASTIZOL DN (Día-Noche), comprimidos', 2, 348, 97, 52, 1),
(76, 'NASTIZOL COMPOSITUM, comprimidos recubiertos, jarabe', 2, 349, 97, 52, 1),
(77, 'NASTIZOL COMPOSITUM PEDIATRICO, solución para gotas orales', 2, 349, 97, 52, 1),
(78, 'NASTIGRIP, comprimidos recubiertos', 2, 350, 97, 52, 1),
(79, 'ZIAC 2,5 , comprimidos', 2, 351, 101, 53, 1),
(80, 'ZIAC 5, comprimidos', 2, 351, 101, 53, 1),
(81, 'ZIAC 10, comprimidos', 2, 351, 101, 53, 1),
(82, 'NORMATEN, comprimidos', 2, 352, 97, 53, 1),
(83, 'NORMATEN PLUS, comprimidos', 2, 352, 97, 53, 1),
(84, 'BLOCAR, comprimidos 25 mg; 12,5 mg', 2, 353, 97, 53, 1),
(85, 'BLOCAR, comprimidos 6,25 mg', 2, 353, 97, 53, 1),
(86, 'NASTIZOL, comprimidos recubiertos y jarabe', 2, 353, 97, 54, 1),
(87, 'NASTIZOL, solución para gotas orales', 2, 353, 97, 54, 1),
(88, 'CLOFEXAN, comprimidos y jarabe', 2, 355, 97, 54, 1),
(89, 'FLOGOFIN, 100 mg', 2, 356, 100, 55, 1),
(90, 'TALFLEX, comprimidos con recubierto entérico 50 mg, 100 mg', 2, 356, 97, 55, 1),
(91, 'TALFLEX T.U, capsulas con gránulos recubiertos de liberación prolongada 200 mg', 2, 356, 97, 55, 1),
(92, 'ARTREN gotas ', 2, 357, 101, 56, 1),
(93, 'PIRONAL FORTE, suspensión oral 200 mg/5 ml', 2, 357, 97, 56, 1),
(94, 'PIRONAL suspensión oral 100 mg/5 ml', 2, 357, 97, 56, 1),
(95, 'PIRONAL FLU, suspensión', 2, 357, 97, 56, 1),
(96, 'PIRONAL FLU FORTE, suspensión, comprimidos recubiertos', 2, 357, 97, 56, 1),
(97, 'MIGRANOL, comprimidos recubiertos', 2, 359, 97, 57, 1),
(98, 'MIGRATAM', 2, 360, 100, 57, 1),
(99, 'BAGOMIGRAL, comprimidos recubiertos 2,5 mg', 2, 361, 97, 57, 1),
(100, 'ECAX, comprimidos 15 mg; 7,5 mg', 2, 362, 97, 58, 1),
(101, 'FRESHMEL sabor miel-limón', 2, 363, 100, 59, 1),
(102, 'TUSIGEN INFANTIL, jarabe', 2, 364, 97, 60, 1),
(103, 'TUSIGEN jarabe Antitusivo', 2, 364, 97, 60, 1),
(104, 'MOVIPLUS, comprimidos 25 mg', 2, 365, 97, 61, 1),
(105, 'EPRAL, cápsulas 20 y 40 mg', 2, 366, 100, 62, 1),
(106, 'CONCOR 1,25 , comprimidos', 2, 367, 101, 63, 1),
(107, 'CONCOR 2,5 , comprimidos', 2, 367, 101, 63, 1),
(108, 'CONCOR 5 , comprimidos', 2, 367, 101, 63, 1),
(109, 'CONCOR 10, comprimidos', 2, 367, 101, 63, 1),
(110, 'AMLOC, comprimidos 5 mg, 10 mg', 2, 368, 97, 64, 1),
(111, 'MOVIGIL, comprimidos recubiertos 100 mg, 200 mg', 2, 369, 97, 65, 1),
(112, 'GAMALATE en sus presentaciones grageas y jarabe', 2, 370, 96, 66, 1),
(113, 'ARLIV jarabe ', 2, 371, 101, 67, 1),
(114, 'VI-URIL, comprimidos recubiertos', 2, 372, 97, 68, 1),
(115, 'ACNOTIN, capsulas blandas 10 mg, 20 mg', 2, 373, 97, 69, 1),
(116, 'CORITEX, solución oral para gotas 0,5 mg/ml', 2, 374, 97, 70, 1),
(117, 'GLEMAZ, comprimidos 4 mg', 2, 375, 97, 71, 1),
(118, 'GLUCOVANCE 250/1.25, comprimidos', 2, 376, 101, 72, 1),
(119, 'GLUCOVANCE 500/2,5, comprimidos', 2, 376, 101, 72, 1),
(120, 'GLUCOVANCE 500/5 , comprimidos', 2, 376, 101, 72, 1),
(121, 'GLICENEX, comprimido recubierto 500 mg, 850 mg ', 2, 377, 97, 72, 1),
(122, 'GLICENEX SR, comprimidos recubiertos 500 mg, 750 mg', 2, 377, 97, 72, 1),
(123, 'GLICENEX DUO 500/2,5 comprimidos recubiertos', 2, 378, 97, 72, 1),
(124, 'GLICENEX DUO 500/5 comprimidos recubiertos', 2, 378, 97, 72, 1),
(125, 'GLAFORNIL 500, comprimidos', 2, 379, 101, 72, 1),
(126, 'GLAFORNIL 850, comprimidos', 2, 379, 101, 72, 1),
(127, 'GLAFORNIL 1000, comprimidos', 2, 379, 101, 72, 1),
(128, 'GLAFORNIL 500 XR, comprimidos', 2, 379, 101, 72, 1),
(129, 'P.P.G. Comprimidos 10 mg', 2, 380, 97, 73, 1),
(130, 'EUTIROX 25, comprimidos', 2, 381, 101, 74, 1),
(131, 'EURITOX 50, comprimidos', 2, 381, 101, 74, 1),
(132, 'EURITOX 75, comprimidos', 2, 381, 101, 74, 1),
(133, 'EURITOX 100, comprimidos', 2, 381, 101, 74, 1),
(134, 'EURITOX 125, comprimidos', 2, 381, 101, 74, 1),
(135, 'EURITOX 150, comprimidos', 2, 381, 101, 74, 1),
(136, 'EURITOX 175, comprimidos', 2, 381, 101, 74, 1),
(137, 'EURITOX 200, comprimidos', 2, 381, 101, 74, 1),
(138, 'NOVOTHYARL, comprimidos', 2, 382, 101, 74, 1),
(139, 'ELCAL D en Cápsulas, Forte, Plus y Supra', 2, 383, 96, 75, 1),
(140, 'TENSIOMAX, comprimidos recubiertos 10 mg, 5 mg', 2, 384, 97, 76, 1),
(141, 'LINDEX, comprimidos recubiertos 10 mg', 2, 385, 97, 77, 1),
(142, 'ACTIGERON, comprimidos recubiertos entéricos 500 mg', 2, 386, 97, 78, 1),
(143, 'GASDOL, comprimidos 10 mg', 2, 387, 97, 79, 1),
(144, 'GASDOL, suspensión 5 mg/5 ml', 2, 387, 97, 79, 1),
(145, 'GASDOL, suspensión para gotas orales 10 mg/ml', 2, 387, 97, 79, 1),
(146, 'BION 3, comprimidos', 2, 388, 101, 80, 1),
(147, 'BION Inmum, comprimidos', 2, 388, 101, 80, 1),
(148, 'MINIVITS, comprimidos masticables', 2, 389, 152, 80, 1),
(149, 'MULTIPLE FOR WOMEN, tabletas', 2, 389, 138, 80, 1),
(150, 'MULTIPLE FOR MEN, tabletas', 2, 389, 138, 80, 1),
(151, 'MULTIPLE FOR STUDENTS, tabletas', 2, 389, 138, 80, 1),
(152, 'MULTIPLE FOR SENIORS, tabletas', 2, 389, 138, 80, 1),
(153, 'ESTROCAL, cápsulas', 2, 390, 152, 81, 1),
(154, 'PlusCal', 2, 391, 102, 82, 1),
(155, 'Calcio 600 + Vitamina D3', 2, 392, 143, 82, 1),
(156, 'OSTEOCAPS, capsulas blandas', 2, 393, 101, 82, 1),
(157, 'DIABION, cápsulas blandas', 2, 394, 101, 83, 1),
(158, 'SALUBION jarabe', 2, 394, 101, 83, 1),
(159, 'SUPRADYN grageas, 12 vitaminas y 8 minerales + oligoelementos', 2, 394, 98, 83, 1),
(160, 'SUPRADYN Infantil', 2, 394, 98, 83, 1),
(161, 'SUPRADYN Ginseng', 2, 394, 98, 83, 1),
(162, 'SUPRADYN Gotas', 2, 394, 98, 83, 1),
(163, 'ESVIT C', 2, 395, 100, 83, 1),
(164, 'CONFER, capsulas (Producto descontinuado)', 2, 396, 101, 83, 1),
(165, 'T4 - BAGO, comprimidos 150 mcg, 100 mcg', 2, 397, 97, 84, 1),
(166, 'Vitde-800, comprimido ', 2, 398, 102, 85, 1),
(167, 'Suplemento alimentario Vivalite sabor fresa-banana', 2, 399, 216, 86, 1),
(168, 'Suplemento alimentario Vivalite sabor chocolate', 2, 399, 216, 86, 1),
(169, 'Suplemento alimentario Vivalite sabor vainilla', 2, 399, 216, 86, 1),
(170, 'Ensure NG polvo sabor chocolate', 2, 400, 95, 86, 1),
(171, 'Ensure NG polvo sabor frutilla', 2, 400, 95, 86, 1),
(172, 'Ensure NG polvo sabor vainilla', 2, 400, 95, 86, 1),
(173, 'Ensure Advance polvo sabor vainilla', 2, 400, 95, 86, 1),
(174, 'Ensure Advance liquida sabor vainilla', 2, 400, 95, 86, 1),
(175, 'Ensure Plus liquida RPB sabor vainilla', 2, 400, 95, 86, 1),
(176, 'Ensure Plus liquida sabor vainilla (lata)', 2, 400, 95, 86, 1),
(177, 'Glucerna TC liquida sabor vainilla (lata)', 2, 400, 95, 86, 1),
(178, 'Glucerna TC polvo sabor vainilla', 2, 400, 95, 86, 1),
(179, 'Glucerna TC RPB sabor vainilla', 2, 400, 95, 86, 1),
(180, 'Nepro liquido sabor vainilla', 2, 400, 95, 86, 1),
(181, 'Nepro AP liquido sabor vainilla', 2, 400, 95, 86, 1),
(182, 'Pediasure Complete liquido RPB sabor vainilla', 2, 400, 95, 86, 1),
(183, 'Pediasure Complete polvo sabor vainilla', 2, 400, 95, 86, 1),
(184, 'Pediasure Complete polvo sabor chocolate', 2, 400, 95, 86, 1),
(185, 'Pediasure Complete polvo sabor frutilla', 2, 400, 95, 86, 1),
(186, 'Banatrol', 2, 400, 95, 86, 1),
(187, 'Nat100', 2, 401, 99, 86, 1),
(188, 'Enterex powder vainilla 400 g', 2, 401, 214, 86, 1),
(189, 'Enterex powder vainilla 1 kg', 2, 401, 214, 86, 1),
(190, 'Enterex powder  vainilla 55,8 g', 2, 401, 214, 86, 1),
(191, 'Enterex powder fresa 1 kg', 2, 401, 214, 86, 1),
(192, 'Enterex powder fresa 400 g', 2, 401, 214, 86, 1),
(193, 'Enterex powder fresa 55,8 g', 2, 401, 214, 86, 1),
(194, 'Enterex hepatic polvo vainilla', 2, 401, 214, 86, 1),
(195, 'Enterex food thickener ESPESANTE', 2, 401, 214, 86, 1),
(196, 'Enterex renal vainilla 237 ml', 2, 401, 214, 86, 1),
(197, 'Enterex diabetic fresa 237 ml', 2, 401, 214, 86, 1),
(198, 'Enterex diabetic chocolate 237 ml', 2, 401, 214, 86, 1),
(199, 'Enterex diabetic vainilla 237 ml', 2, 401, 214, 86, 1),
(200, 'Enterex kidz vainilla', 2, 401, 214, 86, 1),
(201, 'Imunex Plus sachet 123 g', 2, 401, 214, 86, 1),
(202, 'Glutapak-R', 2, 402, 214, 86, 1),
(203, 'Pasta de dientes con calcio', 2, 405, 162, 87, 3),
(204, 'Pasta de dientes infantil Minipep', 2, 405, 162, 87, 3),
(205, 'Labiales Pamela Grant, con ceramida (con esfingolipidos Ultra Hidratante) color 405', 2, 405, 158, 87, 3),
(206, 'Labiales Pamela Grant, Lip Sun Care (con factor de protección solar 17) color 219', 2, 405, 158, 87, 3),
(207, 'Tapsin Comprimidos Analgésico', 2, 405, 228, 87, 3),
(208, 'Tapsin Antigripal Caliente Día', 2, 405, 228, 87, 3),
(209, 'Tapsin Antigripal Caliente Noche', 2, 405, 228, 87, 3),
(210, 'Tapsin Plus Antigripal Caliente Día', 2, 405, 228, 87, 3),
(211, 'Tapsin Plus Antigripal Caliente Noche', 2, 405, 228, 87, 3),
(212, 'Tapsin Nocturno Analgésico Comprimidos', 2, 405, 228, 87, 3),
(213, 'Tapsin Período Menstrual Comprimidos', 2, 405, 228, 87, 3),
(214, 'Migratapsin Comprimidos', 2, 405, 228, 87, 3),
(215, 'Artritapsin Comprimidos', 2, 405, 228, 87, 3),
(216, 'Tapsin Infantil 80 mg Comprimidos Masticables', 2, 405, 228, 87, 3),
(217, 'Tapsin 6-12 x 16 comprimidos Masticables', 2, 405, 228, 87, 3),
(218, 'Tapsin Gotas Pediátricas', 2, 405, 228, 87, 3),
(219, 'Tapsin SC x Cápsulas', 2, 405, 228, 87, 3),
(220, 'Tapsin 2 Cápsulas Blandas', 2, 405, 228, 87, 3),
(221, 'Tapsin 2 Forte Cápsulas Blandas', 2, 405, 228, 87, 3),
(222, 'Tapsin D N Cápsulas Día', 2, 405, 228, 87, 3),
(223, 'Tapsin D N Cápsulas Noche', 2, 405, 228, 87, 3),
(224, 'Néctar sabor damasco / naranja / piña / durazno ', 1, 1, 33, 1, 1),
(225, 'Néctar Mimún sabor damasco / naranja', 1, 1, 33, 1, 1),
(226, 'Néctar Andina sabor naranja / piña light / damasco', 1, 1, 51, 1, 1),
(227, 'Kapo sabor naranja', 1, 2, 51, 1, 1),
(228, 'Adrenaline Rush ', 1, 3, 29, 1, 1),
(229, 'Powerade sabor lima-limón', 1, 4, 51, 1, 1),
(230, 'Gatorade sabor frutas tropicales / cool blue / manzana / naranja / lima limón ', 1, 4, 29, 1, 1),
(231, 'Propel sabor mandarina / limón', 1, 4, 29, 1, 1),
(232, 'Sprite, Sprite zero', 1, 5, 51, 1, 1),
(233, 'Coca-cola, Coca-cola light', 1, 5, 51, 1, 1),
(234, 'Pepsi, Pepsi light', 1, 5, 29, 1, 1),
(235, 'Seven Up, Seven Up light', 1, 5, 29, 1, 1),
(236, 'Bilz, Bilz light', 1, 5, 29, 1, 1),
(237, 'Pap, Pap light', 1, 5, 29, 1, 1),
(238, 'Kem Piña, Kem Piña light, Kem Xtreme', 1, 5, 29, 1, 1),
(239, 'Agua Tónica, Agua Tónica light', 1, 5, 29, 1, 1),
(240, 'Crush, Crush light', 1, 5, 29, 1, 1),
(241, 'Ginger Ale, Ginger Ale light', 1, 5, 29, 1, 1),
(242, 'Limón Soda, Limón Soda light', 1, 5, 29, 1, 1),
(243, 'Ades sabor a naranja, manzana,  durazno, piña y frutos tropicales', 1, 6, 209, 1, 1),
(244, 'Pechuga cocida (laminada, daditos, entera)', 1, 7, 191, 2, 1),
(245, 'Pechuga ahumada (laminada, entera, porción)', 1, 7, 191, 2, 1),
(246, 'Butifarras (salchicha)', 1, 7, 23, 2, 1),
(247, 'Fuet (especie de salame catalán)', 1, 7, 23, 2, 1),
(248, 'Salchichas Vienesas tradicionales envasadas al vacío', 1, 7, 107, 2, 1),
(249, 'Jamón pierna G2 envasada al vacío', 1, 7, 107, 2, 1),
(250, 'Jamón artesanal G1 envasado al vacío', 1, 7, 107, 2, 1),
(251, 'Jamón sándwich G2 envasado al vacío', 1, 7, 107, 2, 1),
(252, 'Longanizas envasadas el vacío', 1, 7, 107, 2, 1),
(253, 'Salame', 1, 7, 107, 2, 1),
(254, 'Mortadela Lisa fina', 1, 7, 107, 2, 1),
(255, 'Mortadela Breslauer', 1, 7, 107, 2, 1),
(256, 'Mortadela Jamonela', 1, 7, 107, 2, 1),
(257, 'Tocino ahumado', 1, 7, 107, 2, 1),
(258, 'Pate de jamón - Teewurst', 1, 7, 107, 2, 1),
(259, 'Lomo Kasler', 1, 7, 107, 2, 1),
(260, 'Lomo Lachs', 1, 7, 107, 2, 1),
(261, 'Jamón tipo Serano', 1, 7, 107, 2, 1),
(262, 'Jamón de Pavo', 1, 7, 107, 2, 1),
(263, 'Pate de cerdo', 1, 7, 107, 2, 1),
(264, 'Salchicha ', 1, 7, 107, 2, 1),
(265, 'Salame', 1, 8, 30, 2, 1),
(266, 'Carne molida de Pechuga de Pavo ', 1, 9, 191, 3, 1),
(267, 'Carne picada de Trutro de Pavo', 1, 9, 191, 3, 1),
(268, 'Bistec de pechuga de Pavo', 1, 9, 191, 3, 1),
(269, 'Carne molida Trutro de Pavo ', 1, 9, 191, 3, 1),
(270, 'Carne picada Pechuga de Pavo', 1, 9, 191, 3, 1),
(271, 'Barra de chocolate blanco, nuez y manjar', 1, 10, 2, 4, 1),
(272, 'Barra de chocolate blanco, nuez y manjar. Sin azúcar', 1, 10, 2, 4, 1),
(273, 'Barra de chocolate negro, almendra y café', 1, 10, 2, 4, 1),
(274, 'Barra de chocolate negro, almendra y naranja. Sin azúcar', 1, 10, 2, 4, 1),
(275, 'Goma de mascar Wellness iSOUL', 1, 403, 84, 4, 1),
(276, 'Calugas de leche', 1, 11, 41, 4, 1),
(277, 'Calugas de leche-nuez', 1, 11, 41, 4, 1),
(278, 'Calugas de leche sabor capuchino', 1, 11, 172, 4, 1),
(279, 'Calugas de leche', 1, 11, 86, 4, 1),
(280, 'Manjar en barra', 1, 12, 41, 4, 1),
(281, 'Chocolate libre de azúcar', 1, 13, 172, 4, 1),
(282, 'Bombones rellenos', 1, 14, 172, 4, 1),
(283, 'Gomitas tutti-fruti libres de azúcar', 1, 15, 86, 4, 1),
(284, 'Gomitas tutti-fruti libres de azúcar', 1, 15, 172, 4, 1),
(285, 'Gomitas de fruta', 1, 15, 129, 4, 1),
(286, 'Helado de berries', 1, 16, 74, 5, 1),
(287, 'Helado piña coco', 1, 16, 74, 5, 1),
(288, 'Helado maracuyá con pepas', 1, 16, 74, 5, 1),
(289, 'Helado de vainilla', 1, 16, 74, 5, 1),
(290, 'Helado naranja jengibre', 1, 16, 74, 5, 1),
(291, 'Helado de chocolate belga', 1, 16, 74, 5, 1),
(292, 'Helado sabor limón menta albahaca', 1, 17, 53, 5, 1),
(293, 'Helado sabor maracuyá', 1, 17, 53, 5, 1),
(294, 'Helado sabor chirimoya alegre', 1, 17, 53, 5, 1),
(295, 'Helado de frambuesa menta (pote 800cc)', 1, 17, 53, 5, 1),
(296, 'Helado de naranja jengibre (pote 800cc)', 1, 17, 53, 5, 1),
(297, 'Helado Butterscotch Super Premium', 1, 18, 177, 5, 1),
(298, 'Helado Super Premium Avellana europea', 1, 18, 177, 5, 1),
(299, 'Helado Super Premium Vainilla Francesa', 1, 18, 177, 5, 1),
(300, 'Helado super Premium Café moka Italiano', 1, 18, 177, 5, 1),
(301, 'Helado super premimun Chocolate belga ', 1, 18, 177, 5, 1),
(302, 'Helado super Premium Dulce de Leche', 1, 18, 177, 5, 1),
(303, 'Helado de agua sabor guayaba / frutilla / arándano / piña / limón /maracuyá / frambuesa', 1, 17, 177, 5, 1),
(304, 'Helado light sabor Vainilla Parisina', 1, 17, 177, 5, 1),
(305, 'Helado light sabor Berry Manía', 1, 17, 177, 5, 1),
(306, 'Helado light sabor Lúcuma con Lúcumas', 1, 17, 177, 5, 1),
(307, 'Helado light sabor Chocolate Nuss', 1, 17, 177, 5, 1),
(308, 'Helado sabor Chocolate', 1, 16, 224, 5, 1),
(309, 'Helado sabor Vainilla', 1, 16, 224, 5, 1),
(310, 'Helado sabor Tiramisú', 1, 16, 224, 5, 1),
(311, 'Helado sabor Avellana', 1, 16, 224, 5, 1),
(312, 'Helado desengrasado sabor lúcuma', 1, 18, 53, 5, 1),
(313, 'Helado de dulce de leche desengrasado (pote 800cc)', 1, 18, 53, 5, 1),
(314, 'Helado de miel de ulmo desengrasada (pote 800cc)', 1, 18, 53, 5, 1),
(315, 'Helado de chocolate avellana desengrasada (pote 800cc)', 1, 18, 53, 5, 1),
(316, 'Helado de vainilla desengrasado (pote 800cc)', 1, 18, 53, 5, 1),
(317, 'Hamburguesas Paty listo', 1, 20, 161, 6, 1),
(318, 'Hamburguesas Paty light', 1, 20, 161, 6, 1),
(319, 'Hamburguesas Paty clásica', 1, 20, 161, 6, 1),
(320, 'Chuño', 1, 21, 49, 6, 1),
(321, 'Almidón de papa', 1, 21, 130, 6, 1),
(322, 'Chuño (almidón de papa)', 1, 21, 44, 6, 1),
(323, 'Almidón de maíz', 1, 22, 86, 6, 1),
(324, 'Maicena ', 1, 22, 49, 6, 1),
(325, 'Maizena Dropa regular 400 gr', 1, 22, 209, 6, 1),
(326, 'Almidón de maíz', 1, 22, 44, 6, 1),
(327, 'Almidón de Mandioca', 1, 23, 49, 6, 1),
(328, 'Almidón de arroz', 1, 24, 44, 6, 1),
(329, 'Harina de quínoa', 1, 25, 164, 6, 1),
(330, 'Harina de quínoa', 1, 25, 130, 6, 1),
(331, 'Harina de Mandioca', 1, 26, 130, 6, 1),
(332, 'Harina de maíz', 1, 27, 49, 6, 1),
(333, 'Harina de maíz', 1, 27, 130, 6, 1),
(334, 'Harina de arroz', 1, 28, 130, 6, 1),
(335, 'Harina de arroz', 1, 28, 49, 6, 1),
(336, 'Harina de arroz', 1, 28, 60, 6, 1),
(337, 'Harina de arroz', 1, 28, 44, 6, 1),
(338, 'Harina de arroz', 1, 28, 208, 6, 1),
(339, 'Harina de soya', 1, 29, 130, 6, 1),
(340, 'Premezcla para pan de molde', 1, 30, 189, 6, 1),
(341, 'Premezcla multipropósito ', 1, 30, 189, 6, 1),
(342, 'Pre mezcla panificable salada', 1, 31, 49, 6, 1),
(343, 'Pre mezcla panificable dulce', 1, 31, 49, 6, 1),
(344, 'Pre mezcla panificable', 1, 31, 150, 6, 1),
(345, '3 Harinas', 1, 32, 150, 6, 1),
(346, 'Pre mezcla para queques y bizcochos', 1, 33, 150, 6, 1),
(347, 'Mandioca Tostada (sustituto pan rallado)', 1, 34, 150, 6, 1),
(348, 'Tartaleta de cebolla', 1, 35, 173, 8, 1),
(349, 'Masa (discos) para empanada', 1, 36, 49, 8, 1),
(350, 'Empanada napolitana', 1, 37, 49, 8, 1),
(351, 'Empanada de queso', 1, 37, 49, 8, 1),
(352, 'Pan rallado ', 1, 38, 49, 8, 1),
(353, 'Pan Hot-dog', 1, 39, 49, 8, 1),
(354, 'Pan de hoja', 1, 40, 49, 8, 1),
(355, 'Pan frica (hamburguesa)', 1, 41, 49, 8, 1),
(356, 'Pan hamburguesa', 1, 41, 150, 8, 1),
(357, 'Pan hallullas', 1, 42, 49, 8, 1),
(358, 'Pan hallullas precocido', 1, 42, 34, 8, 1),
(359, 'Pan de molde lacatal', 1, 43, 173, 8, 1),
(360, 'Pan de molde', 1, 44, 49, 8, 1),
(361, 'Pan de molde  valencia', 1, 44, 49, 8, 1),
(362, 'Pan de molde', 1, 44, 198, 8, 1),
(363, 'Pan de molde', 1, 44, 45, 8, 1),
(364, 'Pan de molde', 1, 44, 150, 8, 1),
(365, 'Pan de molde', 1, 44, 189, 8, 1),
(366, 'Pan de queso', 1, 45, 15, 8, 1),
(367, 'Pan de queso', 1, 45, 49, 8, 1),
(368, 'Pan de anís', 1, 46, 49, 8, 1),
(369, 'Pre-pizzas', 1, 47, 49, 8, 1),
(370, 'Masa de prepizza (venta en Valdivia)', 1, 47, 223, 8, 1),
(371, 'Queque individual', 1, 48, 49, 8, 1),
(372, 'Queque familiar', 1, 48, 49, 8, 1),
(373, 'Queque (bizcocho)', 1, 48, 178, 8, 1),
(374, 'Queque de limón', 1, 48, 210, 8, 1),
(375, 'Queque de toffy, canela y café', 1, 48, 210, 8, 1),
(376, 'Queque de amapola', 1, 48, 210, 8, 1),
(377, 'Cocadas', 1, 49, 49, 8, 1),
(378, 'Kuchen de manzana', 1, 50, 49, 8, 1),
(379, 'Kuchen de frutas', 1, 51, 112, 8, 1),
(380, 'Pie de Limón', 1, 52, 112, 8, 1),
(381, 'Pie de Limón', 1, 52, 173, 8, 1),
(382, 'Cupcakes de chocolate', 1, 53, 77, 8, 1),
(383, 'Merenguitos', 1, 54, 49, 8, 1),
(384, 'Tarta de almendra', 1, 55, 49, 8, 1),
(385, 'Alfajores', 1, 56, 49, 8, 1),
(386, 'Alfajores', 1, 56, 210, 8, 1),
(387, 'Magdalenas con pepitas de chocolate ', 1, 57, 151, 8, 1),
(388, 'Magdalenas tradicionales', 1, 57, 151, 8, 1),
(389, 'Cukepop de Nutella con mantequilla de maní y limón', 1, 53, 181, 8, 1),
(390, 'Cukepop de Nutella con frosting de dulce de leche', 1, 53, 181, 8, 1),
(391, 'Brownie 45 y 320 gr', 1, 58, 189, 8, 1),
(392, 'Muffins de vainilla', 1, 59, 178, 8, 1),
(393, 'Bozcocho', 1, 60, 178, 8, 1),
(394, 'Bizcocho', 1, 60, 49, 8, 1),
(395, 'Bizcocho', 1, 60, 150, 8, 1),
(396, 'Brazo de reina', 1, 61, 49, 8, 1),
(397, 'Galleta Linzer frambuesa', 1, 62, 77, 9, 1),
(398, 'Galleta Chocolate-vainilla', 1, 62, 77, 9, 1),
(399, 'Galletón de arroz', 1, 63, 150, 9, 1),
(400, 'Galleton de arroz sabor mix de berries', 1, 63, 150, 9, 1),
(401, 'Galleton de arroz sabor ciruela seca', 1, 63, 150, 9, 1),
(402, 'Galleta de limón-coco', 1, 62, 210, 9, 1),
(403, 'Galleta de chocolate y sal de mar', 1, 62, 210, 9, 1),
(404, 'Galletas finas', 1, 62, 49, 9, 1),
(405, 'Galletas de chuño', 1, 62, 49, 9, 1),
(406, 'Galletas delicias', 1, 62, 49, 9, 1),
(407, 'Galletas de coco', 1, 62, 47, 9, 1),
(408, 'Galletas chips', 1, 62, 47, 9, 1),
(409, 'Galletas berries', 1, 62, 47, 9, 1),
(410, 'Galletas choco chips', 1, 62, 47, 9, 1),
(411, 'Snack de arroz integral+Quínoa+Linaza+Sal de Mar', 1, 62, 135, 9, 1),
(412, 'Snack de arroz + Maíz+Chía+Sal de Mar', 1, 62, 135, 9, 1),
(413, 'Snack de arroz sabor manzana', 1, 62, 135, 9, 1),
(414, 'Snack de arroz sabor arándanos y granada', 1, 62, 135, 9, 1),
(415, 'Snack de arroz sabor chocolate', 1, 62, 135, 9, 1),
(416, 'Kapikis merquén', 1, 64, 189, 9, 1),
(417, 'Kapikis queso', 1, 64, 189, 9, 1),
(418, 'Galleta de maíz', 1, 62, 189, 9, 1),
(419, 'Galleta artesanal', 1, 62, 189, 9, 1),
(420, 'Galleta de arroz y pera', 1, 62, 189, 9, 1),
(421, 'Galletas de arroz', 1, 62, 150, 9, 1),
(422, 'Galleta Chocolate', 1, 62, 45, 9, 1),
(423, 'Galleta tipo snack de maíz', 1, 65, 4, 9, 1),
(424, 'Galleta tipo snack de arroz y quínoa', 1, 66, 4, 9, 1),
(425, 'Crema larga vida para postres y cocina', 1, 67, 33, 23, 1),
(426, 'Crema para batir larga vida', 1, 67, 108, 23, 1),
(427, 'Crema light', 1, 68, 33, 23, 1),
(428, 'Crema light lista para servir larga vida', 1, 68, 108, 23, 1),
(429, 'Crema sin lactosa para batir larga vida', 1, 69, 108, 23, 1),
(430, 'Crema sin lactosa light lista para servir larga vida', 1, 70, 108, 23, 1),
(431, 'Manjar receta casera', 1, 71, 145, 23, 1),
(432, 'Manjar con chocolate', 1, 71, 145, 23, 1),
(433, 'Manjar', 1, 71, 145, 23, 1),
(434, 'Manjar sin azúcar', 1, 71, 55, 23, 1),
(435, 'Manjar  pote y bolsa', 1, 71, 33, 23, 1),
(436, 'Manjar', 1, 71, 109, 23, 1),
(437, 'Manjar de leche (venta p/mayor a pastelerías)', 1, 71, 221, 23, 1),
(438, 'Manjar light pote y bolsa', 1, 72, 33, 23, 1),
(439, 'Mantequilla untable', 1, 73, 33, 23, 1),
(440, 'Mantequilla sin sal pote', 1, 73, 33, 23, 1),
(441, 'Mantequilla', 1, 73, 109, 23, 1),
(442, 'Leche condensada entera ', 1, 74, 145, 23, 1),
(443, 'Leche condensada light', 1, 74, 145, 23, 1),
(444, 'Leche condensada', 1, 74, 104, 23, 1),
(445, 'Leche IDEAL', 1, 75, 79, 23, 1),
(446, 'ACTICOL', 1, 76, 145, 23, 1),
(447, 'SVELTY Descremada, Huesos, Digestión', 1, 76, 194, 23, 1),
(448, 'NIDO Crece light', 1, 76, 148, 23, 1),
(449, 'NIDO Entera, Semidescremada', 1, 76, 148, 23, 1),
(450, 'NIDO  1+, 3+, 5+', 1, 76, 148, 23, 1),
(451, 'NIDO Buen Día', 1, 76, 148, 23, 1),
(452, 'Leche en polvo entera (26% mat. grasa)', 1, 76, 33, 23, 1),
(453, 'Leche en polvo descremada ', 1, 76, 33, 23, 1),
(454, 'Leche en polvo semidescremada', 1, 76, 33, 23, 1),
(455, 'Leche entera en polvo 120g', 1, 76, 109, 23, 1),
(456, 'Leche descremada UHT', 1, 78, 33, 23, 1),
(457, 'Leche descremada larga vida', 1, 78, 108, 23, 1),
(458, 'Leche semidescremada UHT', 1, 79, 33, 23, 1),
(459, 'Leche semidescremada larga vida', 1, 79, 108, 23, 1),
(460, 'Leche entera larga vida', 1, 80, 108, 23, 1),
(461, 'Leche semidescremada sabor: manjar, vainilla, frutilla, chocolate en formato 1 lt', 1, 81, 33, 23, 1),
(462, 'Leche semidescremada sabor: frutilla, vainilla, chocolate formato de 200cc', 1, 81, 33, 23, 1),
(463, 'Leche semidescremada larga vida sabor: chocolate, frutilla, plátano, vainilla (todos los formatos)', 1, 81, 108, 23, 1),
(464, 'Leche descremada light larga vida sabor: chocolate, frutilla y manjar ', 1, 82, 108, 23, 1),
(465, 'Leche light sabor chocolate 1 lt, 200 cc', 1, 82, 33, 23, 1),
(466, 'Leche sabor frutilla ', 1, 83, 167, 23, 1),
(467, 'Leche sabor chocolate', 1, 83, 193, 23, 1),
(468, 'Leche sabor chocolate', 1, 83, 108, 23, 1),
(469, 'Leche Mimún sabor chocolate / frutilla', 1, 84, 131, 23, 1),
(470, 'Leche semidescremada Mimun sabor chocolate y frutilla 200cc', 1, 84, 131, 23, 1),
(471, 'Leche con fibra larga vida', 1, 85, 108, 23, 1),
(472, 'Leche descremada Extra Calcio', 1, 86, 33, 23, 1),
(473, 'Leche descremada extra Calcio larga vida', 1, 86, 108, 23, 1),
(474, 'Leche cultivada light sabor chirimoya, frutilla y vainilla', 1, 87, 108, 23, 1),
(475, 'Leche cultivada light sabor  frutilla / durazno', 1, 88, 33, 23, 1),
(476, 'Leche cultivada sin lactosa sabor arándano y papaya', 1, 89, 108, 23, 1),
(477, 'Leche semidescremada chocolate sin lactosa', 1, 90, 33, 23, 1),
(478, 'Leche descremada sin lactosa', 1, 90, 33, 23, 1),
(479, 'Leche semidescremada sin lactosa larga vida', 1, 90, 108, 23, 1),
(480, 'Leche descremada sin lactosa larga vida', 1, 90, 108, 23, 1),
(481, 'Leche entera sin lactosa larga vida', 1, 90, 108, 23, 1),
(482, 'Leche descremada Extra Calcio larga vida', 1, 90, 108, 23, 1),
(483, 'Leche sin lactosa semidescremada larga vida sabor: chocolate, frutilla, vainilla', 1, 91, 108, 23, 1),
(484, 'Leche sin lactosa sabor chocolate SLIM', 1, 91, 108, 23, 1),
(485, 'Queso ranco laminado 250 g y 500 g', 1, 93, 33, 23, 1),
(486, 'Queso gauda laminado', 1, 94, 33, 23, 1),
(487, 'Queso chanco light ', 1, 95, 108, 23, 1),
(488, 'Quesillo con sal 160 g y 350 g', 1, 96, 33, 23, 1),
(489, 'Quesillo light', 1, 96, 33, 23, 1),
(490, 'Quesillo crema natural 200 gr', 1, 96, 33, 23, 1),
(491, 'Quesillo sin sal', 1, 96, 33, 23, 1),
(492, 'Queso fundido mantecoso', 1, 97, 109, 23, 1),
(493, 'Queso fundido con tocino', 1, 97, 33, 23, 1),
(494, 'Queso Parmesano rallado', 1, 98, 33, 23, 1),
(495, 'Queso Reggianito rallado', 1, 98, 33, 23, 1),
(496, 'Queso Reggianito en hebras', 1, 99, 33, 23, 1),
(497, 'Queso fresco Los Tilos', 1, 100, 111, 23, 1),
(498, 'Queso Chacra El Roble', 1, 101, 50, 23, 1),
(499, 'Queso fresco ', 1, 100, 177, 23, 1),
(500, 'Queso fresco ', 1, 100, 33, 23, 1),
(501, 'Queso fresco light', 1, 100, 180, 23, 1),
(502, 'Queso fresco tradicional', 1, 100, 180, 23, 1),
(503, 'Cream Cheese tradicional, light', 1, 103, 180, 23, 1),
(504, 'Queso crema light', 1, 103, 33, 23, 1),
(505, 'Queso crema Natural, Fugazzeta, Tomate Orégano y Ajo Albahaca', 1, 103, 33, 23, 1),
(506, 'Queso crema salame marrón', 1, 103, 33, 23, 1),
(507, 'Queso crema ají', 1, 103, 33, 23, 1),
(508, 'Queso Brie', 1, 104, 33, 23, 1),
(509, 'Queso Camembert', 1, 105, 33, 23, 1),
(510, 'Queso Mozzarella', 1, 106, 33, 23, 1),
(511, 'Queso Edam', 1, 107, 33, 23, 1),
(512, 'Queso Azul', 1, 108, 33, 23, 1),
(513, 'Yogurt batido natural', 1, 109, 33, 23, 1),
(514, 'Yogurt batido sabor frutilla / plátano / damasco / cereza / vainilla / piña / mora ', 1, 109, 33, 23, 1),
(515, 'Yogurt batido sabor damasco / plátano / piña ', 1, 109, 109, 23, 1),
(516, 'Yogurt batido Mimún sabor  frutilla / damasco/ naranja / plátano /  manjar', 1, 109, 33, 23, 1),
(517, 'Yogurt batido light sabor  vainilla / cereza / frambuesa / damasco / frutilla', 1, 111, 33, 23, 1),
(518, 'Yogurt trozos light sabor aloe vera / papaya / manzana / arándanos / naranja chips / durazno / cereza / frutos del sur / frutilla', 1, 112, 33, 23, 1),
(519, 'Yogurt Prime con frutos secos / con aloe vera', 1, 113, 33, 23, 1),
(520, 'Yogurt batido semidescremado sin lactosa sabor chirimoya / frutilla / vainilla', 1, 114, 108, 23, 1),
(521, 'Yogurt batido sin lactosa DIGESTION frutilla / ciruela / frambuesa /  arándano', 1, 114, 108, 23, 1),
(522, 'Yogurt  SIN LACTOSA sabor frutilla, damasco, mora, vainilla', 1, 114, 33, 23, 1),
(523, 'Yogurt descremado sin lactosa con trozos de papaya / durazno / berries', 1, 115, 108, 23, 1),
(524, 'Yogurt VILIB DIGESTION sabor frutilla-kiwi', 1, 116, 33, 23, 1),
(525, 'Yogurt VILIB DIGESTION light manzana / mora / kiwi / ciruela / frutilla / damasco', 1, 116, 33, 23, 1),
(526, 'Yogurt VILIB DIGESTION sabor durazno', 1, 116, 33, 23, 1),
(527, 'Yogurt VILIB CORAZON sabor vainilla, frambuesa, chirimoya', 1, 116, 33, 23, 1),
(528, 'Yogurt VILIB DEFENSAS sabor tuti fruti', 1, 116, 33, 23, 1),
(529, 'Yogurt VILIB HUESOS light sabor tuti fruti', 1, 116, 33, 23, 1),
(530, 'Yogurt Vilib DEFENSAS sabor naranja', 1, 116, 33, 23, 1),
(531, 'Yogurt Vilib DEFENSA sabor frutilla', 1, 116, 33, 23, 1),
(532, 'Yogu Yogu sabor damasco', 1, 117, 222, 23, 1),
(533, 'Bebida láctea chocolatada', 1, 118, 109, 23, 1),
(534, 'Yogurt FRUTOS frutilla, durazno', 1, 119, 33, 23, 1),
(535, 'Yogurt FRUTOS  sabor naranja-plátano-nuez', 1, 119, 33, 23, 1),
(536, 'Yogurt FRUTOS sabor frambuesa-kiwi-almendras', 1, 119, 33, 23, 1),
(537, 'Yogurt FRUTOS sabor mango-maracuyá-almendra', 1, 119, 33, 23, 1),
(538, 'Yogurt FRUTOS Creme sabor frambuesa-kiwi', 1, 119, 33, 23, 1),
(539, 'Yogurt FRUTOS Creme sabor frutos del sur', 1, 119, 33, 23, 1),
(540, 'Yogurt FRUTOS light naranja plátano, frutilla silvestre', 1, 119, 33, 23, 1),
(541, 'Yogurt TRANSITO sabor limón-ginger, frutilla-plátano, arándano-linaza, frutilla-kiwi', 1, 119, 33, 23, 1),
(542, 'Probiótico Bio Ok sin lactosa sabor frutilla, mora, ciruela', 1, 119, 108, 23, 1),
(543, 'Leche de soja ', 1, 123, 153, 10, 1),
(544, 'Alimento de soya con trozos de durazno, manzana', 1, 124, 108, 10, 1),
(545, 'Alimento de soya con trozo de mango-maracuyá, kiwi-maracuyá', 1, 124, 108, 10, 1),
(546, 'Chancaca tradicional', 1, 125, 43, 11, 1),
(547, 'Chancaca light', 1, 125, 43, 11, 1),
(548, 'Cocoa dulce', 1, 126, 35, 11, 1),
(549, 'Cacao amargo', 1, 126, 35, 11, 1),
(550, 'Levadura  seca y fresca (todos los formatos)', 1, 127, 105, 11, 1),
(551, 'Levadura seca instantánea para uso industrial  ', 1, 127, 81, 11, 1),
(552, 'Levadura seca y fresca (todos los formatos)', 1, 127, 69, 11, 1),
(553, 'Fideos Mostachioli, Caracolitos, spaguetti', 1, 128, 150, 12, 1),
(554, 'Pastas de arroz Espirales con verduras', 1, 128, 34, 12, 1),
(555, 'Pasta de arroz Rigatoni, Caracoles, Spaguetti, Tagliatelle', 1, 128, 34, 12, 1),
(556, 'Pasta de arroz Rigatoni con espinacas ', 1, 128, 34, 12, 1),
(557, 'Pastas de arroz Tagliatelle con espinacas', 1, 128, 34, 12, 1),
(558, 'Fruta deshidratada para bebes sabor Mango tropical', 1, 129, 7, 13, 1),
(559, 'Fruta deshidratada para bebes Manzana-Maqui', 1, 129, 7, 13, 1),
(560, 'Fruta deshidratada para bebes Plátano', 1, 129, 7, 13, 1),
(561, 'Mouse de chocolate, vainilla', 1, 130, 34, 13, 1),
(562, 'Sémola de arroz', 1, 131, 34, 13, 1),
(563, 'Flan sabor vainilla, manjar, chocolate, tres leches, coco', 1, 132, 33, 13, 1),
(564, 'Flan light sabor vainilla, chocolate', 1, 133, 33, 13, 1),
(565, 'Postre de crema sabor vainilla, chocolate', 1, 134, 33, 13, 1),
(566, 'Jalea sabor limón, naranja, guinda, piña, guinda, frambuesa', 1, 135, 33, 13, 1),
(567, 'Petit Mimun sabor damasco, plátano', 1, 136, 33, 13, 1),
(568, 'Salsa de tomate italiana Malloa (elaborada por Unilever Bestfoods, SACHET 200 gr)', 1, 137, 116, 33, 1),
(569, 'Bolitas de manzana (apple clusters) sabor mora', 1, 138, 135, 14, 1),
(570, 'Bolitas de manzana (apple clusters) sabor canela', 1, 138, 135, 14, 1),
(571, 'Bolitas de manzana (apple clusters) ', 1, 138, 135, 14, 1),
(572, 'Nueces peladas', 1, 139, 204, 14, 1),
(573, 'Almendras Tostadas', 1, 140, 204, 14, 1),
(574, 'Maní salado', 1, 141, 204, 14, 1),
(575, 'Maní tostado rojo', 1, 141, 204, 14, 1),
(576, 'Surtido salado', 1, 142, 204, 14, 1),
(577, 'Tortilla de harina de maíz', 1, 143, 110, 14, 1),
(578, 'Tika Chiloé, papas exóticas y sal de mar', 1, 144, 201, 14, 1),
(579, 'Tika-Patagonia, selección de vegetales nativos (camote, papas, betarragas)', 1, 144, 201, 14, 1),
(580, 'Tika-Furiosas, elaborados a partir de Camotes remolachas y papas exóticas', 1, 144, 201, 14, 1),
(581, 'Tika-Merkén, selección de camotes nativos blancos y un toque de merkén ', 1, 144, 201, 14, 1),
(582, 'Tika-Zapallo, selección de zapallos nativos', 1, 144, 201, 14, 1),
(583, 'Tika-Palafito, selección de tubérculos cortados en finos palitos', 1, 144, 201, 14, 1),
(584, 'Tika-Peper, papas nativas y sal de mar', 1, 144, 201, 14, 1),
(585, 'Tortika-Semillas', 1, 144, 201, 14, 1),
(586, 'Tortika - Hierbas', 1, 144, 201, 14, 1),
(587, 'Tortika - Trio', 1, 144, 201, 14, 1),
(588, 'Veggie CRUNCH, surtido 5 vegetales importados', 1, 145, 66, 14, 1),
(589, 'Veggie CHIPS, surtido 3 vegetales importados', 1, 145, 66, 14, 1),
(590, 'Sopa de carne ', 1, 146, 34, 26, 1),
(591, 'Sopa de Espárragos', 1, 146, 34, 26, 1),
(592, 'Sopa de pollo', 1, 146, 34, 26, 1),
(593, 'Sopa de Verduras ', 1, 146, 34, 26, 1),
(594, 'Sopa de Tomate ', 1, 146, 34, 26, 1),
(595, 'Nevilac SL', 1, 147, 146, 15, 1),
(596, 'Nevilac DB', 1, 147, 146, 15, 1),
(597, 'Nevilac SC', 1, 147, 146, 15, 1),
(598, 'Endulzante liquido Cero K Stevia Sens', 1, 148, 78, 16, 1),
(599, 'Endulzante tableta Cero K Stevia Sens', 1, 148, 78, 16, 1),
(600, 'Endulzante sachet Cero K Stevia Sens', 1, 148, 78, 16, 1),
(601, 'Endulzante liquido Cero K Sucralosa', 1, 148, 78, 16, 1),
(602, 'Endulzante tableta Cero K Sucralosa', 1, 148, 78, 16, 1),
(603, 'Endulzante sachet Cero K Sucralosa', 1, 148, 78, 16, 1),
(604, 'Endulzante liquido Cero K 100% Stevia', 1, 148, 78, 16, 1),
(605, 'Endulzante tablet Cero K 100% Stevia', 1, 148, 78, 16, 1),
(606, 'Endulzante liquido Cero K Agave', 1, 148, 78, 16, 1),
(607, 'Trigo Alforfón (grano)', 1, 149, 3, 30, 1),
(608, 'Quínoa en grano', 1, 150, 164, 30, 1),
(609, 'Bebida nutricional de soya desengrasada', 1, 151, 34, 30, 1),
(610, 'Arroz grano largo y corto', 1, 152, 208, 30, 1),
(611, 'Gelatina sin sabor', 1, 153, 171, 30, 1),
(612, 'Polvo para hornear 100 gr', 1, 154, 171, 30, 1),
(613, 'Carne de soya', 1, 155, 130, 30, 1),
(614, 'Carne de soya Premium', 1, 155, 130, 30, 1),
(615, 'Boddy fuits plátano-manzana (100% fruta)', 1, 156, 20, 1, 1),
(616, 'Mayonesa Kraft Real Mayo, sólo envase de 443 ml', 1, 157, 90, 33, 1),
(617, 'Salsa con pesto', 1, 158, 123, 33, 1),
(618, 'Salsa con aceitunas', 1, 158, 123, 33, 1),
(619, 'Salsa para spaghetti', 1, 158, 121, 33, 1),
(620, 'Salsa para tacos', 1, 158, 121, 33, 1),
(621, 'Salsa para pavo (turkey gravy)', 1, 158, 121, 33, 1),
(622, 'Salsa para estofado (brown gravy)', 1, 158, 121, 33, 1),
(623, 'Salsa de soya Sakura Premium', 1, 160, 174, 33, 1),
(624, 'Salsa de soya Sakura Tradicional', 1, 160, 174, 33, 1),
(625, 'Salsa de soya baja en sal (light)', 1, 160, 174, 33, 1),
(626, 'Salsa de soya Hot ', 1, 160, 174, 33, 1),
(627, 'Salsa de soya Tamari', 1, 160, 195, 33, 1),
(628, 'Mostaza original', 1, 163, 89, 33, 1),
(629, 'Aceto Balsámico Balugani', 1, 164, 12, 33, 1),
(630, 'Pesto a la siciliana', 1, 165, 13, 33, 1),
(631, 'Pesto a la calabresa', 1, 165, 13, 33, 1),
(632, 'Pesto genovesa', 1, 165, 13, 33, 1),
(633, 'Pesto rosso', 1, 165, 13, 33, 1),
(634, 'Salsa tomate c/ aceituna', 1, 137, 13, 33, 1),
(635, 'Salsa tomate napolitana', 1, 137, 13, 33, 1),
(636, 'Salsa tomate basilico', 1, 137, 13, 33, 1),
(637, 'Salsa boloñesa (ragù alla bolognese)', 1, 137, 13, 33, 1),
(638, 'Salsa de tomate (salsa pomodoro)', 1, 137, 13, 33, 1),
(639, 'Salsa Arrabiatta', 1, 137, 13, 33, 1),
(640, 'Oblea dulce de arroz sabor limón cubierta con baño chocolate semiamargo', 1, 167, 67, 17, 1),
(641, 'Galletas de maíz', 1, 168, 175, 17, 1),
(642, 'Galletas Caramel (Cookie karamell-gerbäck)', 1, 168, 36, 17, 1),
(643, 'Galletas Vainilla con crema de Vainilla (Cookie vanille doppelkcks mit vanille-cremefüllung)', 1, 168, 36, 17, 1),
(644, 'Galletas Cacao con crema de Vainilla (Cookie Kakao doppelkcks mit vanille-cremefüllung)', 1, 168, 36, 17, 1),
(645, 'Galletas Cacao- Orange (Cookie kakao-orange)', 1, 168, 36, 17, 1),
(646, 'Galletas con chips de chocolate (Cookie kakao)', 1, 168, 36, 17, 1),
(647, 'Galletas Crackers', 1, 168, 68, 17, 1),
(648, 'Crackers sabor queso', 1, 168, 68, 17, 1),
(649, 'Galletas de vainilla con crema', 1, 168, 68, 17, 1),
(650, 'Galletas Kids sabor chocolate ', 1, 168, 156, 17, 1),
(651, 'Galletas Kids sabor berries ', 1, 168, 156, 17, 1),
(652, 'Galletas Kids sabor vainilla ', 1, 168, 156, 17, 1),
(653, 'Galleta Crackers de cereal y amapola', 1, 168, 156, 17, 1),
(654, 'Galletas dulce marmoladas', 1, 168, 179, 17, 1),
(655, 'Galletas de vainilla ', 1, 168, 179, 17, 1),
(656, 'Galletas con coco', 1, 168, 179, 17, 1),
(657, 'Galletas saladas', 1, 168, 179, 17, 1),
(658, 'Galleta Maria sabor chocolate', 1, 168, 18, 17, 1),
(659, 'Galleta Maria sabor vainilla', 1, 168, 18, 17, 1),
(660, 'Galleta Blue Cookies sabor limón', 1, 168, 18, 17, 1),
(661, 'Galleta Blue Cookies sabor caramelo', 1, 168, 18, 17, 1),
(662, 'Galletas de arroz sabor natural', 1, 168, 70, 17, 1),
(663, 'Galletas de arroz  bañadas en chocolate ', 1, 168, 70, 17, 1),
(664, 'Galletas de la jungla Santiveri', 1, 168, 182, 17, 1),
(665, 'Galletas oblea vainilla Santiveri', 1, 168, 182, 17, 1),
(666, 'Galletas rellenas de cacao', 1, 168, 182, 17, 1),
(667, 'Galletas THINS sabor ají dulce (sweet chilli)', 1, 168, 120, 17, 1),
(668, 'Galletas THINS sabor crema ácida y cebolla (sour crean and onion)', 1, 168, 120, 17, 1),
(669, 'Galletas THINS sabor lima y pimiento negra (lime and black pepper)', 1, 168, 120, 17, 1),
(670, 'Galletas RICE BITE  sabor pizza', 1, 168, 120, 17, 1),
(671, 'Galletas RICE BITE sabor barbacoa', 1, 168, 120, 17, 1),
(672, 'Galletas RICE BITE sabor a teriyaki', 1, 168, 120, 17, 1),
(673, 'Galletas RICE BITE sabor a crema ácida y cebolla (sour cream and onion)', 1, 168, 120, 17, 1),
(674, 'Galletas tipo María', 1, 168, 182, 17, 1),
(675, 'Galletas dulce de arroz con azúcar negra', 1, 168, 133, 17, 1),
(676, 'Galletas de arroz Cerealitas', 1, 169, 31, 17, 1),
(677, 'Galletas Rice Cake c/ semillas de girasol', 1, 168, 91, 17, 1),
(678, 'Galletas Rice Cake tradicionales', 1, 168, 91, 17, 1),
(679, 'Galletas Rice Cake multigrano', 1, 168, 91, 17, 1),
(680, 'Galletas Rice Cake con sésamo', 1, 168, 91, 17, 1),
(681, 'Galletas de arroz Slim arroz natural ', 1, 168, 91, 17, 1),
(682, 'Galletas de arroz Slim arroz sésamo', 1, 168, 91, 17, 1),
(683, 'Galletas de arroz Slim arroz maravilla', 1, 168, 91, 17, 1),
(684, 'Galletas de arroz integral sin sal', 1, 168, 10, 17, 1),
(685, 'Galletas de arroz con miel', 1, 168, 10, 17, 1),
(686, 'Galletas de arroz con sal y sésamo', 1, 168, 10, 17, 1),
(687, 'Galletas de arroz cuadradas con y sin sal  ', 1, 169, 11, 17, 1),
(688, 'Galletas de arroz cuadradas dulce          ', 1, 169, 11, 17, 1),
(689, 'Galletas de arroz redondas con y sin sal ', 1, 169, 11, 17, 1),
(690, 'Galletas de arroz redondas dulce ', 1, 169, 11, 17, 1),
(691, 'Galletitas dulces  con dulce membrillo (estuches)           ', 1, 169, 11, 17, 1),
(692, 'Galletitas dulces con chips de chocolate (estuches) ', 1, 169, 11, 17, 1),
(693, 'Galletitas dulces bastones de coco (estuches) ', 1, 169, 11, 17, 1),
(694, 'Galletas de chocolate con chips de chocolate', 1, 168, 73, 17, 1),
(695, 'Galletas snack crocante de arroz sabor caramelo', 1, 168, 132, 17, 1),
(696, 'Galleta snack crocante de arroz integral sabor finas hierbas', 1, 168, 132, 17, 1),
(697, 'Galleta snack crocante de arroz integral sabor queso romano', 1, 168, 132, 17, 1),
(698, 'Galletas Crackers ', 1, 168, 184, 17, 1),
(699, 'Galletas Digestive choc', 1, 168, 184, 17, 1),
(700, 'Galletas Grissini', 1, 168, 184, 17, 1),
(701, 'Galletas wafer (oblea) sabor avellana (nocciola)', 1, 168, 184, 17, 1),
(702, 'Galletas wafer (oblea) sabor vainilla (vaniglia)', 1, 168, 184, 17, 1),
(703, 'Galletas wafer (oblea) sabor chocolate (al cacao)', 1, 168, 184, 17, 1),
(704, 'Galletas Fior di sole', 1, 168, 184, 17, 1),
(705, 'Galletas Salinis ', 1, 168, 184, 17, 1),
(706, 'Galletas Noccioli', 1, 168, 184, 17, 1),
(707, 'Galletas Petit al cioccolate ', 1, 168, 184, 17, 1),
(708, 'Galleta Savoiardi (galletas de bizcocho)', 1, 168, 184, 17, 1),
(709, 'Galleta Snacks (barquillos rellenos de crema de avellana y recubiertos de chocolate)', 1, 168, 184, 17, 1),
(710, 'Galletas Biscotti Cranberry', 1, 168, 57, 17, 1),
(711, 'Galletas de Jengibre (Ginger cookies)', 1, 168, 57, 17, 1),
(712, 'Galletas Biscotti con chips de chocolate (Chocolate chip Bisconti cookies)', 1, 168, 57, 17, 1),
(713, 'Galleta con chip de chocolate (Chocolate chip cookies)', 1, 168, 57, 17, 1),
(714, 'Galletas de Vainilla (vainilla cookies)', 1, 168, 57, 17, 1),
(715, 'Galletas de semilla de girasol (Sunflower cookies)', 1, 168, 57, 17, 1),
(716, 'Galletas Biscotti de chocolate - (16 unidades) (Chocolate Biscotti Cookies)', 1, 168, 57, 17, 1),
(717, 'Deli light con sal', 1, 169, 42, 17, 1),
(718, 'Deli light dulce', 1, 169, 42, 17, 1),
(719, 'Deli light sin sal', 1, 169, 42, 17, 1),
(720, 'Galleta naranja molida Andean', 1, 170, 128, 17, 1),
(721, 'Galleta naranja Andean', 1, 170, 128, 17, 1),
(722, 'Galleta chip de chocolate Andean', 1, 170, 128, 17, 1),
(723, 'Galleta chip chocolate molido Andean', 1, 170, 128, 17, 1),
(724, 'Galleta de coco y vainilla', 1, 170, 128, 17, 1),
(725, 'Galleta de jengibre y naranja', 1, 170, 128, 17, 1),
(726, 'Galleta de mango y naranja', 1, 170, 128, 17, 1),
(727, 'Galleta de chocolate vainilla', 1, 170, 128, 17, 1),
(728, 'Galleta de coco - canela', 1, 170, 128, 17, 1),
(729, 'Galleta multicereal: quínoa, amaranto, arroz, chía', 1, 170, 128, 17, 1),
(730, 'Galleta mokaccino (chocolate - café)', 1, 170, 128, 17, 1),
(731, 'Alfajor relleno con dulce de leche y baño de chocolate', 1, 171, 179, 17, 1),
(732, 'Alfajor de arroz cubierto chocolate semi amargo relleno con mouse de dulce de leche', 1, 171, 114, 17, 1),
(733, 'Alfajor de arroz cubierto chocolate blanco relleno con mouse de dulce de leche', 1, 171, 114, 17, 1),
(734, 'Alfajor de arroz cubierto chocolate semi amargo relleno Marroc', 1, 171, 114, 17, 1),
(735, 'Alfajor de arroz cubierto chocolate semi amargo relleno con crema de limón', 1, 171, 114, 17, 1),
(736, 'Alfajor de arroz sin cobertura relleno con dulce de leche', 1, 171, 114, 17, 1),
(737, 'Alfajor de arroz de dulce de leche y cobertura chocolate negro', 1, 171, 21, 17, 1),
(738, 'Muesli con frutas y frutos secos', 1, 172, 182, 17, 1),
(739, 'Bizcochos de arroz salados y dulces', 1, 173, 67, 17, 1),
(740, 'Muffin ingles (English Muffins)', 1, 174, 57, 17, 1),
(741, 'Prepizza familiar sin levadura (Yeast-free 10" Pizza shell)', 1, 175, 57, 17, 1),
(742, 'Prepizza individual sin levadura (Yeast-free 6" Pizza shell / clear pouch)', 1, 175, 57, 17, 1),
(743, 'Prepizza familiar de arroz (Rice Pizza Shells 10")', 1, 175, 57, 17, 1),
(744, 'Pan rallado (Bread crumbs)', 1, 176, 57, 17, 1),
(745, 'Pan molde rustico', 1, 177, 184, 17, 1),
(746, 'Pan molde blanco', 1, 177, 184, 17, 1),
(747, 'Pan de molde tapioca Loaf', 1, 177, 57, 17, 1),
(748, 'Pan Molde de Tapioca light (Light Tapioca Loaf)', 1, 177, 57, 17, 1),
(749, 'Pan de molde de arroz blanco (White Rice Loaf)', 1, 177, 57, 17, 1),
(750, 'Pan Molde de Arroz blanco light (Light White Rice Loaf) ', 1, 177, 57, 17, 1),
(751, 'Pan de molde de arroz y linaza (White Rice Flax Loaf)', 1, 177, 57, 17, 1),
(752, 'Pan Molde de Arroz blanco y linaza light  (Light White Rice Flax Loaf)', 1, 177, 57, 17, 1),
(753, 'Pan de molde de arroz integral (Brown Rice Loaf)', 1, 177, 57, 17, 1),
(754, 'Pan Molde de Arroz integral light (Light Brown Rice Loaf)', 1, 177, 57, 17, 1),
(755, 'Pan Molde de Maíz light (Corn Loaf light)', 1, 177, 57, 17, 1),
(756, 'Pan Molde de Arroz Blanco sin levadura (Yeast-free White Rice Loaf)', 1, 177, 57, 17, 1),
(757, 'Pan Molde de Arroz Integral sin levadura (Yeast-free Brown Rice Loaf) ', 1, 177, 57, 17, 1),
(758, 'Pan Molde con pasas y sin huevo (Egg-Free Raisin Loaf) ', 1, 177, 57, 17, 1),
(759, 'Pan Molde de Arroz con alto contenido de fibra (Hi-Fiber Rice Loaf)', 1, 177, 57, 17, 1),
(760, 'Pan Molde tipo Seattle Brown (Seattle Brown Loaf)', 1, 177, 57, 17, 1),
(761, 'Pan Hamburguesa de Arroz Blanco (4 unidades) (White Rice Hamburger Buns)', 1, 178, 57, 17, 1),
(762, 'Pan Hamburguesa de Tapioca - (4 unidades) (Tapioca Hamburger Buns) ', 1, 178, 57, 17, 1),
(763, 'Pan Hamburguesa Tipo Seattle - (4 unidades) (Seattle Hamburger Buns)', 1, 178, 57, 17, 1),
(764, 'Pan Hot Dog de Tapioca - (4 unidades) (Tapioca Hot Dog Buns) ', 1, 179, 57, 17, 1),
(765, 'Hallullas  - (6 unidades) (Tapioca Dinner Rolls)', 1, 179, 57, 17, 1),
(766, 'Panqué (Pound Cake)', 1, 180, 57, 17, 1),
(767, 'Brownies', 1, 180, 57, 17, 1),
(768, 'Donas (Plain Donuts)', 1, 180, 57, 17, 1),
(769, 'Hoyos de Donas (Donut Holes)', 1, 180, 57, 17, 1),
(770, 'Tortita orgánica de arroz inflado marca Fiorentini', 1, 181, 64, 17, 1),
(771, 'Tortita orgánica de maíz inflado marca Fiorentini', 1, 181, 64, 17, 1),
(772, 'Tortita de maíz', 1, 181, 182, 17, 1),
(773, 'Tortita de arroz', 1, 181, 182, 17, 1),
(774, 'Tortitas de arroz y quínoa', 1, 181, 182, 17, 1),
(775, 'Fette Biscotatte (finas tostadas)', 1, 182, 184, 17, 1),
(776, 'Tostadas ligeras', 1, 182, 182, 17, 1),
(777, 'Tostaditas (Bagel) chips parmesano - ajo', 1, 182, 68, 17, 1),
(778, 'Tostadas cereal quínoa', 1, 182, 156, 17, 1),
(779, 'Corn flakes', 1, 183, 183, 18, 1),
(780, 'Cereales miel y cacao', 1, 183, 183, 18, 1),
(781, 'Cereal de arroz sabor berries', 1, 183, 156, 18, 1),
(782, 'Cereal Cocoa Crispy Brown rice mixed berries', 1, 183, 58, 18, 1),
(783, 'Cereal Cocoa Crispy Brown rice', 1, 183, 58, 18, 1),
(784, 'Cereal Corn flakes ', 1, 183, 58, 18, 1),
(785, 'Corn flakes', 1, 183, 147, 18, 1),
(786, 'Cereal Multigrano', 1, 183, 147, 18, 1),
(787, 'Cereal Cioko rice', 1, 183, 147, 18, 1),
(788, 'Cereal para el desayuno', 1, 184, 37, 18, 1),
(789, 'Muesli de fruta', 1, 185, 184, 18, 1),
(790, 'Barra de cereal cioko rice', 1, 186, 147, 18, 1),
(791, 'Barra de cereal multigrano chocolate', 1, 186, 147, 18, 1),
(792, 'Persian pomegranate (granada persa)', 1, 186, 196, 18, 1),
(793, 'Caribean ginger (Ginger Caribe)', 1, 186, 196, 18, 1),
(794, 'Himalaya Goji Summit (Cumbre del Goji del Himalaya)', 1, 186, 196, 18, 1),
(795, 'Polinesian Coconuts (Coco Polinesia)', 1, 186, 196, 18, 1),
(796, 'Quebec Cranberry carnaval (Carnaval de Quebec Cranberry)', 1, 186, 196, 18, 1),
(797, 'Canadian Mapple Forest (Bosque Canadiense de Maple)', 1, 186, 196, 18, 1),
(798, 'Nova Scotia Blueberry (Arandano nueva Escocia)', 1, 186, 196, 18, 1),
(799, 'California Almond Valley (Valle de almendras de California)', 1, 186, 196, 18, 1),
(800, 'Mediterranean Pistachio (Pistacho Mediterraneo)', 1, 186, 196, 18, 1),
(801, 'Nuts Brazillian (Nuez de Brasil)', 1, 186, 196, 18, 1),
(802, 'Lousiana Pecan (Lousiana Pecana)', 1, 186, 196, 18, 1),
(803, '*Niagara Apple Country (Niagara manzana) ', 1, 186, 196, 18, 1),
(804, 'Extend Nutrition (barra tipo cereal)', 1, 186, 59, 18, 1),
(805, 'Barra de cereal con quínoa, almendras y chocolate', 1, 186, 142, 18, 1),
(806, 'Barra de cereal con quínoa, almendras y sésamo', 1, 186, 142, 18, 1),
(807, 'Barra de cereal con quínoa, frutillas y yogurt', 1, 186, 142, 18, 1),
(808, 'Barritas de cereales con trocitos de durazno', 1, 186, 186, 18, 1),
(809, 'Barritas de cereales con trocitos de chocolate', 1, 186, 186, 18, 1),
(810, 'Barritas de cereales dietéticas con pulpa de frutilla y yogurt', 1, 186, 186, 18, 1),
(811, 'Barritas de cereales con trocitos de durazno', 1, 186, 187, 18, 1),
(812, 'Barritas de cereales con trocitos de chocolate', 1, 186, 187, 18, 1),
(813, 'Barras de chip de chocolate (Chocolate Chip Snack Bars)', 1, 186, 57, 18, 1),
(814, 'Barra de cereal chocolate premium', 1, 186, 188, 18, 1),
(815, 'Barra de cereal café con leche', 1, 186, 188, 18, 1),
(816, 'Mix de vegetales', 1, 187, 215, 14, 1),
(817, 'Chips de plátanos fritos salados', 1, 188, 176, 14, 1),
(818, 'Chips de platanos fritos dulces', 1, 188, 176, 14, 1);
INSERT INTO `producto` (`IdProducto`, `Descripcion`, `IdTipo`, `IdSubcategoria`, `IdEmpresa`, `IdCategoria`, `IdEstadoCertificacion`) VALUES
(819, 'Mix devegetales salados (yuca, malanga, camote morado, camote amarillo y plátanos)', 1, 188, 176, 14, 1),
(820, 'Crunchie  chocolate', 1, 189, 37, 14, 1),
(821, 'Crunchie original', 1, 189, 37, 14, 1),
(822, 'Crunchie  cinnamon', 1, 189, 37, 14, 1),
(823, 'Crunchie ligthy frosted', 1, 189, 37, 14, 1),
(824, 'Popcorn con queso blanco, con queso picante, con mantequilla', 1, 190, 155, 14, 1),
(825, 'Pops', 1, 191, 37, 14, 1),
(826, 'Papas fritas Nativas', 1, 192, 215, 14, 1),
(827, 'Papas fritas aji/lima', 1, 192, 215, 14, 1),
(828, 'Papas fritas Camote', 1, 192, 215, 14, 1),
(829, 'Papa frita sabor Natural, espinaca/albahaca, sal/pimienta, barbecue, parmesano/ajo  ', 1, 192, 22, 14, 1),
(830, 'Crackers de canela (Cinnamon crackers)', 1, 411, 57, 14, 1),
(831, 'Crackers de linaza (Flax crackers)', 1, 411, 57, 14, 1),
(832, 'Pretzels crocantes ( Crisp Pretzels)', 1, 411, 57, 14, 1),
(833, 'Sesame Pretzels Rings', 1, 411, 57, 14, 1),
(834, 'Wylde Pretzels', 1, 411, 57, 14, 1),
(835, 'Wylde Sesame Seed Pretzels', 1, 411, 57, 14, 1),
(836, 'Nachos a base de maíz con sabor a queso', 1, 194, 137, 14, 1),
(837, 'Snack picante', 1, 194, 37, 14, 1),
(838, 'Snack cebolla', 1, 194, 37, 14, 1),
(839, 'Snacks de arroz-porotos de soya saladas ', 1, 194, 22, 14, 1),
(840, 'Curls Integrales de Queso Cheddar (MultiGrain Cheese Puffs)', 1, 194, 46, 14, 1),
(841, 'Tortilla Chips Integrales (MultiGrain Tortilla Chips)', 1, 194, 46, 14, 1),
(842, 'Crisps de vegetales (Garden Veggie Crisps) ', 1, 194, 46, 14, 1),
(843, 'Harina de Almidón de Papa (Potato Starch Flourz)', 1, 195, 57, 7, 1),
(844, 'Almidón de maíz', 1, 196, 86, 7, 1),
(845, 'Harina de avena', 1, 197, 19, 7, 1),
(846, 'Harina de coco orgánica', 1, 198, 19, 7, 1),
(847, 'Harina de quínoa orgánica', 1, 199, 83, 7, 1),
(848, 'Harina de arroz blanco (White Rice Flour)', 1, 200, 57, 7, 1),
(849, 'Harina  multipropósito', 1, 201, 156, 7, 1),
(850, 'Harina de Arroz Dulce (Sweet Rice Flour)', 1, 202, 57, 7, 1),
(851, 'Harina de arroz integral ( Brown Rice Flour)', 1, 203, 57, 7, 1),
(852, 'Harina de Tapioca (Tapioca Flour)', 1, 204, 57, 7, 1),
(853, 'Mezcla de Maíz (Corn Mix)', 1, 205, 57, 7, 1),
(854, 'Mezcla de Papa (Potato Mix)', 1, 206, 57, 7, 1),
(855, 'Mezcla de Arroz (Rice Mix)', 1, 412, 57, 7, 1),
(856, 'Premezcla para Bizcocho de Chocolate ', 1, 207, 68, 7, 1),
(857, 'Bizcocho de chocolate ', 1, 207, 156, 7, 1),
(858, 'Base para horneados', 1, 208, 17, 7, 1),
(859, 'Mezcla Gourmet libre de gluten (Gluten-free Gourmet Mix)', 1, 209, 57, 7, 1),
(860, 'Premezcla de arroz para queque de vainilla', 1, 210, 149, 7, 1),
(861, 'Polvo para preparar queque', 1, 210, 17, 7, 1),
(862, 'Pre Mix para Queque de naranja y chocolate', 1, 210, 128, 7, 1),
(863, 'Pre Mix Harinas para Muffins de Quínoa & Chía', 1, 211, 128, 7, 1),
(864, 'Pre Mix para Muffins con chispas de chocolate', 1, 211, 128, 7, 1),
(865, 'Premezcla para Brownie de chocolate ', 1, 212, 68, 7, 1),
(866, 'Premezcla de arroz para brownie de chocolate', 1, 212, 149, 7, 1),
(867, 'Polvo para preparar brownie', 1, 212, 17, 7, 1),
(868, 'Pre Mix Harinas para Brownie de Quínoa & Chocolate', 1, 212, 128, 7, 1),
(869, 'Premezcla para pie ', 1, 213, 68, 7, 1),
(870, 'Mix Patisserie', 1, 214, 184, 7, 1),
(871, 'Premezcla para panqueque ', 1, 215, 68, 7, 1),
(872, 'Premezcla de arroz salada para biscuitt', 1, 216, 149, 7, 1),
(873, 'Premezcla de arroz para galletas de vainilla sin azúcar', 1, 217, 149, 7, 1),
(874, 'Premezcla de arroz para galletas de mantequilla ', 1, 217, 149, 7, 1),
(875, 'Premezcla para tartaleta y galletas', 1, 217, 150, 7, 1),
(876, 'Pre Mix Harinas para Galletas Amaranto & Cañahua', 1, 217, 128, 7, 1),
(877, 'Polvo para preparar galletitas dulces', 1, 217, 17, 7, 1),
(878, 'Premezcla de arroz para pan', 1, 218, 149, 7, 1),
(879, 'Pre Mix Harinas para Pan de Amaranto', 1, 218, 128, 7, 1),
(880, 'Mezcla pan blanco', 1, 218, 156, 7, 1),
(881, 'Polvo para preparar pan', 1, 218, 17, 7, 1),
(882, 'Mix para pan', 1, 218, 184, 7, 1),
(883, 'Sustituto del gluten', 1, 219, 156, 7, 1),
(884, 'Mezcla para pizza', 1, 220, 156, 7, 1),
(885, 'Empanizado (pan rallado)', 1, 221, 149, 7, 1),
(886, 'Quínoa orgánica', 1, 222, 83, 7, 1),
(887, 'Insuflado de quínoa orgánica', 1, 223, 83, 7, 1),
(888, 'Insuflado de amaranto', 1, 224, 83, 7, 1),
(889, 'Hojuelas de amaranto', 1, 225, 83, 7, 1),
(890, 'Amaranto orgánico', 1, 226, 83, 7, 1),
(891, 'Kruesli ', 1, 227, 128, 7, 1),
(892, 'Spaguetti', 1, 228, 13, 20, 1),
(893, 'Penne Rigate', 1, 228, 13, 20, 1),
(894, 'Fettuccini, Mostacholes, Tirabuzones, Spaghetti, Dedalitos', 1, 229, 18, 20, 1),
(895, 'Spaguetti, Lasagna, Vermicelli (cabellos de Ángel), Caracolitos ', 1, 229, 149, 20, 1),
(896, 'Maccarin -Penne', 1, 229, 182, 20, 1),
(897, 'Lasagna, Fideos de Angel (Vermicelli), Caracolitos (Shells - Small), Spaguetti, Macarrones (Macaroni)', 1, 229, 57, 20, 1),
(898, 'Macarrones, Spaguetti, Espirales o twist, Fettuccine, Caracolitos', 1, 229, 17, 20, 1),
(899, 'Lasagna, Penne, Spaghetti, Spirals', 1, 230, 156, 20, 1),
(900, 'Pastas cortas (espirales y penne)', 1, 231, 205, 20, 1),
(901, 'Pasta larga (spaguetti)', 1, 231, 205, 20, 1),
(902, 'Macarrones de maíz', 1, 231, 103, 20, 1),
(903, 'Spaguetty Amaranto ', 1, 232, 128, 20, 1),
(904, 'Fussilli Amaranto', 1, 232, 128, 20, 1),
(905, 'Macarronni Trigrano', 1, 233, 128, 20, 1),
(906, 'Spaguety Trigrano', 1, 233, 128, 20, 1),
(907, 'Macaron Andino ', 1, 234, 37, 20, 1),
(908, 'Spaghetti Andino', 1, 234, 37, 20, 1),
(909, 'Fusilli Andino', 1, 234, 37, 20, 1),
(910, 'Spaghetti ', 1, 235, 169, 20, 1),
(911, 'Fusilli ', 1, 235, 169, 20, 1),
(912, 'Penne ', 1, 235, 169, 20, 1),
(913, 'Lomito de atún en agua', 1, 236, 213, 21, 1),
(914, 'Lomito de atún en aceite', 1, 236, 213, 21, 1),
(915, ' Vivalite sabor fresa-banana', 1, 237, 216, 22, 1),
(916, ' Vivalite sabor chocolate', 1, 237, 216, 22, 1),
(917, 'Vivalite sabor vainilla', 1, 237, 216, 22, 1),
(918, 'Ensure NG polvo sabor chocolate', 1, 238, 95, 22, 1),
(919, 'Ensure NG polvo sabor frutilla', 1, 238, 95, 22, 1),
(920, 'Ensure NG polvo sabor vainilla', 1, 238, 95, 22, 1),
(921, 'Ensure Advance polvo sabor vainilla', 1, 238, 95, 22, 1),
(922, 'Ensure Advance liquida sabor vainilla', 1, 238, 95, 22, 1),
(923, 'Ensure Plus liquida RPB sabor vainilla', 1, 238, 95, 22, 1),
(924, 'Ensure Plus liquida sabor vainilla (lata)', 1, 238, 95, 22, 1),
(925, 'Glucerna TC liquida sabor vainilla (lata)', 1, 238, 95, 22, 1),
(926, 'Glucerna TC polvo sabor vainilla', 1, 238, 95, 22, 1),
(927, 'Glucerna TC RPB sabor vainilla', 1, 238, 95, 22, 1),
(928, 'Nepro liquido sabor vainilla', 1, 238, 95, 22, 1),
(929, 'Nepro AP liquido sabor vainilla', 1, 238, 95, 22, 1),
(930, 'Pediasure Complete liquido RPB sabor vainilla', 1, 238, 95, 22, 1),
(931, 'Pediasure Complete polvo sabor vainilla', 1, 238, 95, 22, 1),
(932, 'Pediasure Complete polvo sabor chocolate', 1, 238, 95, 22, 1),
(933, 'Pediasure Complete polvo sabor frutilla', 1, 238, 95, 22, 1),
(934, 'Nat100', 1, 238, 99, 22, 1),
(935, 'Enterex powder vainilla 400 g', 1, 238, 214, 22, 1),
(936, 'Enterex powder vainilla 1 kg', 1, 238, 214, 22, 1),
(937, 'Enterex powder  vainilla 55,8 g', 1, 238, 214, 22, 1),
(938, 'Enterex powder fresa 1 kg', 1, 238, 214, 22, 1),
(939, 'Enterex powder fresa 400 g', 1, 238, 214, 22, 1),
(940, 'Enterex powder fresa 55,8 g', 1, 238, 214, 22, 1),
(941, 'Enterex hepatic polvo vainilla', 1, 238, 214, 22, 1),
(942, 'Enterex food thickener ESPESANTE', 1, 238, 214, 22, 1),
(943, 'Enterex renal vainilla 237 ml', 1, 238, 214, 22, 1),
(944, 'Enterex diabetic fresa 237 ml', 1, 238, 214, 22, 1),
(945, 'Enterex diabetic chocolate 237 ml', 1, 238, 214, 22, 1),
(946, 'Enterex diabetic vainilla 237 ml', 1, 238, 214, 22, 1),
(947, 'Enterex kidz vainilla', 1, 238, 214, 22, 1),
(948, 'Imunex Plus sachet 123 g', 1, 238, 214, 22, 1),
(949, 'Glutapak-R', 1, 239, 214, 22, 1),
(950, 'Banatrol', 1, 240, 124, 22, 1),
(951, 'Dulce de leche sin azúcar', 1, 241, 186, 23, 1),
(952, 'Dulce de leche dietético clásico', 1, 241, 206, 23, 1),
(953, 'Dulce de leche dietético sabor chocolate ', 1, 241, 206, 23, 1),
(954, 'Dulce de leche dietético sabor banana', 1, 241, 206, 23, 1),
(955, 'Dulce de leche dietético con Ron', 1, 241, 206, 23, 1),
(956, 'Dulce de leche dietético Alpino (Ron & Chocolate)', 1, 241, 206, 23, 1),
(957, 'Queso Philadelphia (caja) 226 gr', 1, 242, 90, 23, 1),
(958, 'Queso vegano sabor pimiento oliva', 1, 243, 72, 23, 1),
(959, 'Queso vegano tropical', 1, 243, 72, 23, 1),
(960, 'Queso vegano pimientas', 1, 243, 72, 23, 1),
(961, 'Queso vegano ahumado', 1, 243, 72, 23, 1),
(962, 'Queso vegano natural', 1, 243, 72, 23, 1),
(963, 'Chicle Klet`s sin azúcar', 1, 244, 62, 24, 1),
(964, 'Dark chocolate 85%', 1, 245, 9, 24, 1),
(965, 'Dark chocolate bar 70%', 1, 245, 9, 24, 1),
(966, 'Dark chocolate bar 55%', 1, 245, 9, 24, 1),
(967, 'Chocolate con leche', 1, 245, 203, 24, 1),
(968, 'Chocolate blanco', 1, 245, 203, 24, 1),
(969, 'Chocolate negro pepitas de cacao', 1, 245, 203, 24, 1),
(970, 'Chocolate negro con naranja', 1, 245, 203, 24, 1),
(971, 'Chocolate frutos del bosque stevia', 1, 245, 203, 24, 1),
(972, 'Chocolate de Chamomie y miel silvestre (Chamomile and honey white)', 1, 245, 200, 24, 1),
(973, 'Chocolate con te negro y surtido de especias (Black Masala Chai milk)', 1, 245, 200, 24, 1),
(974, 'Chocolate 60% cacao con te verde (Green Earl Grey Dark)', 1, 245, 200, 24, 1),
(975, 'Chocoate 72% caco y con Mate (Mate and cacao Nibs extra Dark)', 1, 245, 200, 24, 1),
(976, 'Barra de chocolate organica 70% cacao', 1, 245, 141, 24, 1),
(977, 'Chocolate con almendra sin azúcar', 1, 245, 211, 24, 1),
(978, 'Chocolate con avellana sin azúcar', 1, 245, 211, 24, 1),
(979, 'Chocolate de leche con almendra sin azúcar añadida ', 1, 245, 211, 24, 1),
(980, 'Chocolate de leche con avellana sin azúcar añadida ', 1, 245, 211, 24, 1),
(981, 'Chocolate selección Oro', 1, 245, 211, 24, 1),
(982, 'Chocolate Suizo (chocolate de leche y nougat de miel y almendras)', 1, 245, 202, 24, 1),
(983, 'Kinder sorpresa', 1, 245, 61, 24, 1),
(984, 'Chocolate con leche dietético', 1, 245, 16, 24, 1),
(985, 'Almendra con chocolate sin azúcar', 1, 245, 16, 24, 1),
(986, 'Medallones de banana con chocolate de leche sin azúcar', 1, 245, 16, 24, 1),
(987, 'Cobertura de chocolate sin azúcar', 1, 246, 211, 24, 1),
(988, 'Turrón duro de almendra miel', 1, 247, 126, 24, 1),
(989, 'Turrón blando de almendra miel', 1, 247, 126, 24, 1),
(990, 'Torta de turrón duro almendra miel', 1, 247, 126, 24, 1),
(991, 'Turrón Guirlache', 1, 247, 48, 24, 1),
(992, 'Porciones de turrón de Alicante', 1, 247, 48, 24, 1),
(993, 'Turrón de Alicante', 1, 247, 48, 24, 1),
(994, 'Mantecol clásico y marmolado', 1, 248, 118, 24, 1),
(995, 'Mantecol sabor irresistible ', 1, 248, 118, 24, 1),
(996, 'Nutella', 1, 249, 61, 24, 1),
(997, 'Gelatinas cítricas (gusanos cítricos, aros de frutilla)', 1, 250, 62, 24, 1),
(998, 'Gelatinas Opacas (dentaduras, besos de frutilla, platano)', 1, 250, 62, 24, 1),
(999, 'Gelatinas transparente (gusanos brillo, ositos brillo, frutas surtidas)', 1, 250, 62, 24, 1),
(1000, 'Gomitas Besitos sabor fresa', 1, 251, 207, 24, 1),
(1001, 'Gomitas Arco Iris', 1, 251, 207, 24, 1),
(1002, 'Gomitas sabor frutilla', 1, 251, 207, 24, 1),
(1003, 'Gomita diseño de pescado variedad de colores', 1, 251, 207, 24, 1),
(1004, 'Gomitas diseño ratones', 1, 251, 207, 24, 1),
(1005, 'Gomitas diseño ositos (Bears)', 1, 251, 207, 24, 1),
(1006, 'Gomitas diseño diente de Drácula', 1, 251, 207, 24, 1),
(1007, 'Gomitas diseño gusanito ácido (Glow worms)', 1, 251, 207, 24, 1),
(1008, 'Gomita diseño culebra fosforescente (Squiggles Neon)', 1, 251, 207, 24, 1),
(1009, 'Gomita diseño pulpitos (Octopus)', 1, 251, 207, 24, 1),
(1010, 'Chupetoncito (chupetín de caramelo duro sabor frutal)', 1, 252, 106, 24, 1),
(1011, 'PITO-PITO, chupetín de caramelo duro sabor naranja, cereza, manzana, uva', 1, 252, 106, 24, 1),
(1012, 'PICODULCE, chupetín de caramelo duro', 1, 252, 106, 24, 1),
(1013, 'BABY DOLL, chupetín de caramelo duro sabores frutales surtidos', 1, 252, 106, 24, 1),
(1014, 'Skittles Original, presentación peg pack, singles y fun size ', 1, 252, 106, 24, 1),
(1015, 'Marshmallows ', 1, 253, 26, 24, 1),
(1016, 'Sustituto del huevo (Egg Replacer)', 1, 254, 57, 25, 1),
(1017, 'Goma xanthan (Xanthan Gum)', 1, 255, 178, 25, 1),
(1018, 'Goma xanthan (Xanthan Gum)', 1, 255, 57, 25, 1),
(1019, 'Polvos de hornear (Baking Powder)', 1, 256, 57, 25, 1),
(1020, 'Sustituto del bicarbonato (Baking Soda substitute)', 1, 257, 57, 25, 1),
(1021, 'Endulzante Sucralosa', 1, 148, 192, 16, 1),
(1022, 'Quínoa cream', 1, 259, 127, 26, 1),
(1023, 'Quínoa vege cream', 1, 259, 127, 26, 1),
(1024, 'Quínoa rice pasta soup', 1, 259, 127, 26, 1),
(1025, 'Quínoa vege pasta soup (Sopa de pasta de quínoa con vegetales)', 1, 259, 127, 26, 1),
(1026, 'Quínoa vege soup (sopa de quínoa con vegetales)', 1, 259, 127, 26, 1),
(1027, 'Crema Catalana', 1, 260, 28, 27, 1),
(1028, 'Natillas caseras', 1, 260, 28, 27, 1),
(1029, 'Postre de arroz sabor vainilla', 1, 261, 144, 27, 1),
(1030, 'Compota mango quínoa', 1, 262, 218, 27, 1),
(1031, 'Compota banana quínoa', 1, 262, 218, 27, 1),
(1032, 'Compota durazno y amaranto', 1, 262, 218, 27, 1),
(1033, 'Helado de leche de soya sabor Cookie dough', 1, 263, 190, 27, 1),
(1034, 'Helado de leche de coco sabor coco', 1, 263, 190, 27, 1),
(1035, 'Helado de leche de almendra sabor vainilla', 1, 263, 190, 27, 1),
(1036, 'Helado de leche de almendra sabor mocha almond fudge', 1, 263, 190, 27, 1),
(1037, 'Helado de leche de almendra sabor cookies end cream', 1, 263, 190, 27, 1),
(1038, 'Helado de chocolate sin azucar', 1, 263, 225, 27, 1),
(1039, 'Chocolate Crisp sabor vainilla', 1, 263, 56, 27, 1),
(1040, 'Tubo helado sabor soda ', 1, 263, 163, 27, 1),
(1041, 'Helado sabor lima-limón', 1, 263, 25, 27, 1),
(1042, 'Helado sabor fresa', 1, 263, 25, 27, 1),
(1043, 'Helado sabor melón', 1, 263, 125, 27, 1),
(1044, 'Helado sabor mango', 1, 263, 125, 27, 1),
(1045, 'Helado sabor plátano (banana)', 1, 263, 125, 27, 1),
(1046, 'Helado de yogurt sabor frutilla', 1, 264, 88, 27, 1),
(1047, 'Leche de almendras sin azúcar', 1, 265, 139, 28, 1),
(1048, 'Leche de almendras sabor chocolate', 1, 265, 139, 28, 1),
(1049, 'Leche de almendras', 1, 265, 157, 28, 1),
(1050, 'Alimento liquido en base a almendras', 1, 265, 5, 28, 1),
(1051, 'Leche de arroz ', 1, 266, 138, 28, 1),
(1052, 'Leche de arroz ', 1, 266, 157, 28, 1),
(1053, 'Leche de soya', 1, 267, 157, 28, 1),
(1054, 'Leche  de soya Blenders ', 1, 267, 157, 28, 1),
(1055, 'Crema de soya orgánica Marca Valsoia', 1, 268, 212, 28, 1),
(1056, 'Leche orgánica de grano sarraceno Bio', 1, 269, 199, 28, 1),
(1057, 'Crema orgánica de arroz Bio', 1, 270, 199, 28, 1),
(1058, 'Fruta liofilizada de piña (Crispy fruit pineapple)', 1, 271, 38, 29, 1),
(1059, 'Fruta liofilizada de manzana (Crispy fruit apple)', 1, 271, 38, 29, 1),
(1060, 'Fruta liofilizada de mango (Crispy fruit mango)', 1, 271, 38, 29, 1),
(1061, 'Craisin de arandanos', 1, 272, 154, 29, 1),
(1062, 'Craisin de guinda', 1, 272, 154, 29, 1),
(1063, 'Craisin de cranberry', 1, 272, 154, 29, 1),
(1064, 'Pepinillos a la Polaca', 1, 273, 76, 30, 1),
(1065, 'Pepinillos pecera (Knax)', 1, 273, 76, 30, 1),
(1066, 'Cebollitas cocktail (cocktail onion)', 1, 274, 76, 30, 1),
(1067, 'Colado de arveja, zanahoria, quínoa', 1, 275, 218, 30, 1),
(1068, 'Arroz Arborio ', 1, 276, 82, 30, 1),
(1069, 'Arroz Carnaroli', 1, 276, 82, 30, 1),
(1070, 'Arroz Viaolne nano', 1, 276, 82, 30, 1),
(1071, 'Aceite de coco orgánico extra virgen', 1, 277, 117, 30, 1),
(1072, 'Aceite 100% de maravilla', 1, 278, 140, 30, 1),
(1073, 'Pimenton dulce', 1, 279, 28, 30, 1),
(1074, 'Hostias (Communion Wafers)', 1, 280, 57, 30, 1),
(1075, 'Base para albondigas de papa (Kartoffel -Klobe)', 1, 281, 122, 30, 1),
(1076, 'Base para albondigas de papa (Kartoffel -Puffer)', 1, 281, 122, 30, 1),
(1077, 'Porotos y espinacas', 1, 282, 87, 30, 1),
(1078, 'Garbanzos y papas', 1, 282, 87, 30, 1),
(1079, 'Espinacas y queso', 1, 282, 87, 30, 1),
(1080, 'Garbanzos', 1, 282, 87, 30, 1),
(1081, 'Lentejas', 1, 282, 87, 30, 1),
(1082, 'Espinacas del Delhi', 1, 282, 87, 30, 1),
(1083, 'Croquetas de papas', 1, 282, 87, 30, 1),
(1084, 'Caldo de lentejas', 1, 282, 87, 30, 1),
(1085, 'Sopas de garbanzos', 1, 282, 87, 30, 1),
(1086, 'Arvejas y queso', 1, 282, 87, 30, 1),
(1087, 'Pata delantera (fiambre)', 1, 282, 14, 30, 1),
(1088, 'Pata reserva (fiambre)', 1, 282, 14, 30, 1),
(1089, 'Pata delantera reserva loncheada (fiambre)', 1, 282, 14, 30, 1),
(1090, 'Cerveza sin gluten ', 1, 284, 136, 31, 1),
(1091, 'Cerveza sin gluten', 1, 284, 39, 31, 1),
(1092, 'Becherovka', 1, 285, 85, 31, 1),
(1093, 'Néctar Watt´s sabor durazno  / damasco / piña / naranja / manzana / tutti papaya / tutti kiwi / tutti frutilla / arándano  ', 1, 286, 217, 32, 3),
(1094, 'Néctar Watt´s sabor durazno light / naranja light / tutti frutilla light', 1, 286, 217, 32, 3),
(1095, 'Néctar Watt´s Kid sabor durazno / naranja /  tutti frutilla ', 1, 286, 217, 32, 3),
(1096, 'Néctar Watt´s Soya sabor naranja / manzana / frutilla  ', 1, 287, 217, 32, 3),
(1097, 'Ice frut sabor frambuesa / naranja ', 1, 288, 217, 32, 3),
(1098, 'Ice Lipton sabor té verde / durazno / limón ', 1, 288, 217, 32, 3),
(1099, 'Mostaza preparada French´s', 1, 163, 65, 33, 3),
(1100, 'Salsa de tomate italiana Doña Clara (elaborada por Unilever Bestfoods, sachet 200 gr)', 1, 137, 209, 33, 3),
(1101, 'Aceite de arroz', 1, 291, 185, 33, 3),
(1102, 'Pesto a la Genovese', 1, 292, 185, 33, 3),
(1103, 'Tomate triturado Negroni', 1, 293, 1, 33, 3),
(1104, 'Yogurt batido light sabor  papaya', 1, 294, 33, 34, 3),
(1105, 'Leche  semidescremada  sabor  plátano  200 cc', 1, 295, 33, 34, 3),
(1106, 'Leche cultivada semidescremada sabor durazno / frutilla', 1, 296, 33, 34, 3),
(1107, 'Leche cultivada light sabor papaya y chirimoya', 1, 297, 33, 34, 3),
(1108, 'Yogurt bebible sabor frutilla /  damasco', 1, 298, 33, 34, 3),
(1109, 'Mermelada de frutilla / naranja / ciruela / durazno / higo', 1, 299, 186, 35, 3),
(1110, 'Galletas de arroz sabor sésamo', 1, 9, 168, 36, 3),
(1111, 'Galletas de arroz sabor queso', 1, 9, 168, 36, 3),
(1112, 'Galletas de arroz sabor cebolla', 1, 9, 168, 36, 3),
(1113, 'Tortita de Maíz', 1, 9, 168, 36, 3),
(1114, 'Tortita de arroz', 1, 9, 168, 36, 3),
(1115, 'Galletas de Arroz', 1, 9, 185, 36, 3),
(1116, 'Snack de Arroz', 1, 9, 185, 36, 3),
(1117, 'Cracker de Arroz', 1, 9, 185, 36, 3),
(1118, 'Polenta', 1, 301, 92, 37, 3),
(1119, 'Harina de linaza', 1, 302, 130, 37, 3),
(1120, 'Brazo de reina manjar coco', 1, 303, 40, 38, 3),
(1121, 'Brazo de reina manjar nuez', 1, 303, 40, 38, 3),
(1122, 'Trufa de chocolate', 1, 304, 6, 38, 3),
(1123, 'Trufa de manjar', 1, 304, 6, 38, 3),
(1124, 'Alfajores con chocolate', 1, 305, 6, 38, 3),
(1125, 'Pan de pascua', 1, 306, 6, 38, 3),
(1126, 'Queque de cacao y nuez', 1, 307, 6, 38, 3),
(1127, 'Proteinex', 1, 308, 214, 22, 3),
(1128, 'Pastrami de pavo laminado (Turkey Pastrami Slices)', 1, 7, 52, 2, 3),
(1129, 'Salame de pavo laminado (Turkey Salami Slices)', 1, 7, 52, 2, 3),
(1130, 'Bologna de pavo laminado ( Turkey Bologna Slices)', 1, 7, 52, 2, 3),
(1131, 'Pechuga de pavo laminada (Turkey Breast slices)', 1, 310, 52, 2, 3),
(1132, 'Pechuga de pavo ahumada laminada (Smoked Turkey Breast slices)', 1, 311, 52, 2, 3),
(1133, 'Salchichas de pavo (Turkey Franks Vienesa)', 1, 312, 52, 2, 3),
(1134, 'Salchichas de pollo (Chicken Franks Vienesa)', 1, 7, 52, 2, 3),
(1135, 'Paté sabor Ternera', 1, 7, 220, 2, 3),
(1136, 'Mortadela Jamonada', 1, 7, 220, 2, 3),
(1137, 'Jamonada de Pavo', 1, 7, 220, 2, 3),
(1138, 'Jamonada de Pollo', 1, 7, 220, 2, 3),
(1139, 'Fiambre Jamón Sándwich', 1, 7, 220, 2, 3),
(1140, 'Jamón Colonial', 1, 7, 220, 2, 3),
(1141, 'Jamón Acaramelado', 1, 7, 220, 2, 3),
(1142, 'Jamón Grado 1', 1, 7, 220, 2, 3),
(1143, 'Cerveza extra', 1, 7, 220, 2, 3),
(1144, 'Salchichón Cerveza', 1, 7, 220, 2, 3),
(1145, 'Salchichón Cerveza sabor Pavo', 1, 7, 220, 2, 3),
(1146, 'Salchicha de Pavo', 1, 7, 220, 2, 3),
(1147, 'Salchicha receta Alemana', 1, 7, 220, 2, 3),
(1148, 'Salchicha Parrillera', 1, 7, 220, 2, 3),
(1149, 'Salchicha Clásica', 1, 7, 220, 2, 3),
(1150, 'Helado sabor Chocolate', 1, 313, 113, 30, 3),
(1151, 'Gelatina tipo Colapez', 1, 314, 71, 30, 3),
(1152, 'Pulpa de tomate', 1, 315, 165, 30, 3),
(1153, 'Risotto Tartufi / Zafferano / Verdure / Radicchio / Funghi / Asparagi', 1, 316, 185, 30, 3),
(1154, 'Mermelada sin azúcar sabores durazno / damasco / mora / frambuesa', 1, 317, 217, 30, 3),
(1155, 'Mermelada sabor damasco c/ trozos de fruta', 1, 317, 116, 30, 3),
(1156, 'Noodles pasta di riso', 1, 128, 185, 12, 3),
(1157, 'Crema de ají JB', 1, 405, 209, 87, 2),
(1158, 'Salsa de tomate italiana Malloa elaborada por Unilever Bestfoods, DOYPACK 900 gr y 450 gr', 1, 405, 116, 87, 2),
(1159, 'Mayonesa Hellmann´s CLASICA (doy pack, sachet y frasco) ', 1, 405, 75, 87, 2),
(1160, 'Mayonesa Hellmann´s LIGHT (doy pack, sachet y frasco) ', 1, 405, 75, 87, 2),
(1161, ' Mayonesa Hellmann´s SUPREME (frasco de 500cc)', 1, 405, 75, 87, 2),
(1162, 'Ketchup  Hellmann´s  (doy pack, sachet y frasco) ', 1, 405, 75, 87, 2),
(1163, 'Ketchup  Hellmann´s SUPREME (formatos 430 y 750 ml) ', 1, 405, 75, 87, 2),
(1164, 'Jalea Caricia sabor naranja', 1, 405, 27, 87, 2),
(1165, 'Aceto Balsámico Marco Polo', 1, 405, 119, 87, 2),
(1166, 'Salsa de  soya Marco Polo', 1, 405, 119, 87, 2),
(1167, 'Extracto de vainilla', 1, 405, 119, 87, 2),
(1168, 'Papa frita jalapeño/cheddar ', 1, 405, 22, 87, 2),
(1169, 'Papa frita vinagre/sal ', 1, 405, 22, 87, 2),
(1170, 'Papas fritas (casera y corte americano)', 1, 405, 119, 87, 2),
(1171, 'Villanos sabor queso', 1, 405, 159, 87, 2),
(1172, 'Villanos sabor Pizza', 1, 405, 159, 87, 2),
(1173, 'Panchitos sabor sésamo', 1, 405, 159, 87, 2),
(1174, 'Panchitos salados', 1, 405, 159, 87, 2),
(1175, 'Panchitos Chili & Lima ', 1, 405, 159, 87, 2),
(1176, 'Coco rallado blanco', 1, 405, 119, 87, 2),
(1177, 'Guagüitas', 1, 405, 170, 87, 2),
(1178, 'Arroz ', 1, 405, 134, 87, 2),
(1179, 'Refresco en polvo sabor naranja light, piña', 1, 405, 226, 87, 2),
(1180, 'Dolca  ', 1, 405, 145, 87, 2),
(1181, 'Nescafé Tradición', 1, 405, 145, 87, 2),
(1182, 'Crema vegetal "Ambiante"', 1, 405, 166, 87, 2),
(1183, 'Marshmallow Malva choc', 1, 405, 24, 87, 2),
(1184, 'Frugele sabores: guinda, piña, limón, frutilla, naranja', 1, 405, 8, 87, 2),
(1185, 'Caluga Sunny', 1, 405, 24, 87, 2),
(1186, 'Chocolate extrafino (chocolate bitter)', 1, 405, 8, 87, 2),
(1187, 'Trencito', 1, 405, 145, 87, 2),
(1188, 'Chocolate confitado mini', 1, 405, 115, 87, 2),
(1189, 'Cobertura de chocolate Professional -  Choc', 1, 405, 160, 87, 2),
(1190, 'Cereal Nestum arroz', 1, 405, 145, 87, 2),
(1191, 'Cereal Nestum maíz', 1, 405, 145, 87, 2),
(1192, 'Vienesas', 1, 405, 93, 87, 2),
(1193, 'Jamón Pierna', 1, 405, 93, 87, 2),
(1194, 'Chorizo', 1, 405, 93, 87, 2),
(1195, 'Tocino', 1, 405, 93, 87, 2),
(1196, 'Paté tipo Ternera', 1, 405, 93, 87, 2),
(1197, 'Polvo para hornear', 1, 405, 80, 87, 2);

-- --------------------------------------------------------

--
-- Estructura de tabla para la tabla `subcategoriaproducto`
--

CREATE TABLE IF NOT EXISTS `subcategoriaproducto` (
  `IdSubcategoria` int(11) NOT NULL,
  `Nombre` varchar(1000) NOT NULL,
  `IdCategoria` int(11) NOT NULL
) ENGINE=InnoDB AUTO_INCREMENT=413 DEFAULT CHARSET=latin1;

--
-- Volcado de datos para la tabla `subcategoriaproducto`
--

INSERT INTO `subcategoriaproducto` (`IdSubcategoria`, `Nombre`, `IdCategoria`) VALUES
(1, 'Néctar', 1),
(2, 'Jugos', 1),
(3, 'Bebida energética', 1),
(4, 'Bebida para deportistas', 1),
(5, 'Bebida de fantasía', 1),
(6, 'Jugos de soya', 1),
(7, 'Cecinas', 2),
(8, 'Salame', 2),
(9, 'Carnes procesadas', 3),
(10, 'Barra de chocolate', 4),
(11, 'Calugas', 4),
(12, 'Majar en barra', 4),
(13, 'Chocolate ', 4),
(14, 'Bombón', 4),
(15, 'Gomitas', 4),
(16, 'Helados ', 5),
(17, 'Helados de agua', 5),
(18, 'Helado de leche', 5),
(19, 'Helado de agua', 5),
(20, 'Hamburguesas', 6),
(21, 'Almidón de papa (chuño)', 7),
(22, 'Almidón de maíz (maicena)', 7),
(23, 'Almidón de mandioca', 7),
(24, 'Almidón de arroz', 7),
(25, 'Harina de quínoa', 7),
(26, 'Harina de mandioca', 7),
(27, 'Harina de maíz', 7),
(28, 'Harina de arroz', 7),
(29, 'Harina de soya', 7),
(30, 'Premezcla', 7),
(31, 'Pre mezcla panificable ', 7),
(32, 'Pre mezcla 3 harinas', 7),
(33, 'Pre mezcla batidos', 7),
(34, 'Mandioca tostada', 7),
(35, 'Tartaleta (salado)', 8),
(36, 'Masa para empanadas', 8),
(37, 'Empanadas ', 8),
(38, 'Pan rallado', 8),
(39, 'Pan hot-dog', 8),
(40, 'Pan de hoja', 8),
(41, 'Pan frica (hamburguesa)', 8),
(42, 'Pan hallullas', 8),
(43, 'Pan de Molde lactal', 8),
(44, 'Pan de molde', 8),
(45, 'Pan de queso', 8),
(46, 'Pan de anís', 8),
(47, 'Masa de Prepizza', 8),
(48, 'Queques ', 8),
(49, 'Cocadas', 8),
(50, 'Kuchen ', 8),
(51, 'Kuchen de fruta', 8),
(52, 'Pie de limón', 8),
(53, 'Cupcakes', 8),
(54, 'Merenguitos', 8),
(55, 'Tarta de almendra', 8),
(56, 'Alfajores', 8),
(57, 'Magdalenas', 8),
(58, 'Brownie', 8),
(59, 'Muffins', 8),
(60, 'Bizcocho', 8),
(61, 'Brazo de reina', 8),
(62, 'Galletas ', 9),
(63, 'Galletón', 9),
(64, 'Galletas saladas', 9),
(65, 'Galleta de maíz', 9),
(66, 'Galleta de arroz y quínoa', 9),
(67, 'Cremas', 23),
(68, 'Crema light', 23),
(69, 'Crema sin lactosa', 23),
(70, 'Crema sin lactosa light', 23),
(71, 'Manjar', 23),
(72, 'Manjar light', 23),
(73, 'Mantequilla', 23),
(74, 'Leche condensada', 23),
(75, 'Leche Ideal', 23),
(76, 'Leche en polvo', 23),
(78, 'Leche descremada', 23),
(79, 'Leche semidescremada', 23),
(80, 'Leche entera', 23),
(81, 'Leche c/ sabor semidescremada', 23),
(82, 'Leche c/ sabor descremada light', 23),
(83, 'Leche con sabor ', 23),
(84, 'Leche Mimun', 23),
(85, 'Leche con fibra', 23),
(86, 'Leche Extra Calcio', 23),
(87, 'Leche cultivada light ', 23),
(88, 'Leche Cultivada', 23),
(89, 'Leche cultivada sin lactosa', 23),
(90, 'Leche sin lactosa', 23),
(91, 'Leche c/ sabor sin lactosa', 23),
(93, 'Queso ranco', 23),
(94, 'Queso gauda', 23),
(95, 'Queso chanco', 23),
(96, 'Quesillo', 23),
(97, 'Queso fundido', 23),
(98, 'Queso rallado', 23),
(99, 'Queso Reggianito', 23),
(100, 'Queso Fresco', 23),
(101, 'Queso Chacra', 23),
(103, 'Queso crema', 23),
(104, 'Queso Brie', 23),
(105, 'Queso Camembert', 23),
(106, 'Queso Mozzarella', 23),
(107, 'Queso Edam', 23),
(108, 'Queso Azul', 23),
(109, 'Yogurt batido', 23),
(111, 'Yogurt batido light', 23),
(112, 'Yogurt trozos light', 23),
(113, 'Yogurt Prime', 23),
(114, 'Yogurt batido Sin Lactosa', 23),
(115, 'Yogurt sin lactosa c/ trozos', 23),
(116, 'Yogurt Vilib', 23),
(117, 'Yogurt bebible', 23),
(118, 'Bebida láctea', 23),
(119, 'Yogurt Frutos', 23),
(120, 'Yogurt Frutos Light', 23),
(121, 'Yogurt Tránsito', 23),
(122, 'Probiótico', 23),
(123, 'Leche de soya', 10),
(124, 'Alimento de soya c/ trozos', 10),
(125, 'Chancaca', 11),
(126, 'Chocolate en polvo', 11),
(127, 'Levadura', 11),
(128, 'Pastas de arroz', 12),
(129, 'Fruta deshidratada para bebes', 13),
(130, 'Mouse instantáneo', 13),
(131, 'Sémola de arroz', 13),
(132, 'Flan ', 13),
(133, 'Flan light', 13),
(134, 'Postre de crema', 13),
(135, 'Jalea', 13),
(136, 'Petit ', 13),
(137, 'Salsa de tomate', 33),
(138, 'Snacks de manzana', 14),
(139, 'Nueces', 14),
(140, 'Almendras ', 14),
(141, 'Maní', 14),
(142, 'Surtido frutos secos', 14),
(143, 'Tortilla de maíz', 14),
(144, 'Chips gourmet (papas fritas)', 14),
(145, 'Chips gourmet', 14),
(146, 'Sopa instantánea', 26),
(147, 'Fórmulas nutricional', 15),
(148, 'Endulzantes ', 16),
(149, 'Trigo Alforfón', 30),
(150, 'Quínoa en grano', 30),
(151, 'Bebida Nutricional', 30),
(152, 'Arroz', 30),
(153, 'Gelatina en polvo', 30),
(154, 'Polvo para hornear', 30),
(155, 'Carne de soya', 30),
(156, 'Puré de fruta', 1),
(157, 'Mayonesa', 33),
(158, 'Salsas ', 33),
(160, 'Salsa de soya', 33),
(163, 'Mostaza', 33),
(164, 'Aceto Balsámico', 33),
(165, 'Pesto', 33),
(167, 'Galletas Obleas', 17),
(168, 'Galletas', 17),
(169, 'Galletas de arroz', 17),
(170, 'Galletas de quínoa', 17),
(171, 'Alfajores', 17),
(172, 'Muesli', 17),
(173, 'Bizcochos', 17),
(174, 'Muffin', 17),
(175, 'Prepizza', 17),
(176, 'Pan rallado', 17),
(177, 'Pan de molde', 17),
(178, 'Pan hamburguesa', 17),
(179, 'Pan hotdog', 17),
(180, 'Pasteles', 17),
(181, 'Tortita de arroz', 17),
(182, 'Tostadas (pan de molde)', 17),
(183, 'Cereal', 18),
(184, 'Cereal  de quínoa', 18),
(185, 'Muesli', 18),
(186, 'Barra de cereal', 18),
(187, 'Mix de vegetales', 14),
(188, 'Chips de plátanos', 14),
(189, 'Crunchies de quínoa', 14),
(190, 'Popcorn', 14),
(191, 'Pops', 14),
(192, 'Papas fritas ', 14),
(194, 'Snacks', 14),
(195, 'Almidón de papa', 7),
(196, 'Almidon de maíz', 7),
(197, 'Harina de avena', 7),
(198, 'Harina de coco', 7),
(199, 'Harina de quínoa orgánica', 7),
(200, 'Harina de arroz blanco', 7),
(201, 'Harina multipropósito', 7),
(202, 'Harina de arroz', 7),
(203, 'Harina de arroz integral', 7),
(204, 'Harina de tapioca', 7),
(205, 'Mezcla de maíz', 7),
(206, 'Mezcla de papa', 7),
(207, 'Premezcla para Bizcocho de Chocolate ', 7),
(208, 'Premezcla para horneados', 7),
(209, 'Premezcla gourmet', 7),
(210, 'Premezcla para queque', 7),
(211, 'Premix para Muffins', 7),
(212, 'Premezcla para Brownie de chocolate ', 7),
(213, 'Premezcla para pie ', 7),
(214, 'Premezcla para pasteleria', 7),
(215, 'Premezcla para panqueque ', 7),
(216, 'Premezcla de arroz', 7),
(217, 'Premezcla para galletas', 7),
(218, 'Premezcla para pan', 7),
(219, 'Sustituto de gluten', 7),
(220, 'Mezcla para pizza', 7),
(221, 'Empanizado', 7),
(222, 'Quínoa orgánica', 7),
(223, 'Insuflado de quínoa', 7),
(224, 'Insuflado de amaranto', 7),
(225, 'Hojuelas de amaranto', 7),
(226, 'Amaranto orgánica', 7),
(227, 'Hojuela de tres cereales', 7),
(228, 'Pastas', 20),
(229, 'Pastas de arroz', 20),
(230, 'Pasta de arroz-maíz', 20),
(231, 'Pastas de maíz', 20),
(232, 'Fideos de amaranto', 20),
(233, 'Fideos trigrano', 20),
(234, 'Pastas de quínoa', 20),
(235, 'Pastas (3 cereales)', 20),
(236, 'Lomito de atún', 21),
(237, 'Suplemento alimentario', 22),
(238, 'Suplemento nutricional completo', 22),
(239, 'Glutamina y probióticos', 22),
(240, 'Suplemento Nutricional ', 22),
(241, 'Dulce de leche', 23),
(242, 'Queso Philadelphia', 23),
(243, 'Queso vegano', 23),
(244, 'Goma de mascar/ chicles', 24),
(245, 'Chocolate', 24),
(246, 'Cobertura de chocolate', 24),
(247, 'Turrones', 24),
(248, 'Pasta de maní', 24),
(249, 'Crema de avellana y chocolate', 24),
(250, 'Gelatinas', 24),
(251, 'Gomitas', 24),
(252, 'Caramelos', 24),
(253, 'Marshmallows', 24),
(254, 'Sustituto del huevo', 25),
(255, 'Goma xanthan', 25),
(256, 'Polvo de hornear', 25),
(257, 'Sustituto del bicarbonato', 25),
(259, 'Crema de quínoa', 26),
(260, 'Postres ', 27),
(261, 'Postres de arroz', 27),
(262, 'Compotas de fruta', 27),
(263, 'Helado', 27),
(264, 'Helado de yogurt', 27),
(265, 'Leche de almendra', 28),
(266, 'Leche de arroz ', 28),
(267, 'Leche de soya', 28),
(268, 'Crema de soya', 28),
(269, 'Leche de grano sarraceno', 28),
(270, 'Crema de arroz', 28),
(271, 'Fruta liofilizada', 29),
(272, 'Frutos secos', 29),
(273, 'Pepinillos', 30),
(274, 'Cebollitas cocktel', 30),
(275, 'Colado de veruda y quínoa', 30),
(276, 'Arroz tipo risoto', 30),
(277, 'Aceite de coco', 30),
(278, 'Aceite de maravilla', 30),
(279, 'Condimentos', 30),
(280, 'Hostias', 30),
(281, 'Base para albondigas', 30),
(282, 'Comida preparada', 30),
(283, 'Pata delantera (fiambre)', 30),
(284, 'Cerveza sin gluten', 31),
(285, 'Licor de hierbas y raíces', 31),
(286, 'Néctar', 32),
(287, 'Jugo de Soya', 32),
(288, 'Jugos', 32),
(289, 'Mostaza', 33),
(291, 'Aceite de arroz', 33),
(292, 'Salsa Pesto', 33),
(293, 'Tomate  Triturado', 33),
(294, 'Yogurt batido light', 34),
(295, 'Leche c/ sabor semidescremada', 34),
(296, 'Leche Cultivada semidescremada', 34),
(297, 'Leche Cultivada', 34),
(298, 'Yogurt bebible', 34),
(299, 'Mermelada ', 35),
(300, 'Galletas ', 36),
(301, 'Polenta', 37),
(302, 'Harina de linaza', 37),
(303, 'Brazo de reina', 38),
(304, 'Trufa', 38),
(305, 'Alfajores', 38),
(306, 'Pan de pascua', 38),
(307, 'Queque ', 38),
(308, 'Módulo proteico', 22),
(310, 'Pechuga de pavo', 2),
(311, 'Pechuga de pavo ahumada', 2),
(312, 'Salchicha de pavo', 2),
(313, 'Helados', 30),
(314, 'Gelatina ', 30),
(315, 'Pulpa de Tomate', 30),
(316, 'Arroz tipo risoto listo para cocinar', 30),
(317, 'Mermelada', 30),
(319, 'Enjuague bucal', 39),
(320, 'Gel dental', 39),
(321, 'Solución bucal', 39),
(322, 'Barniz dental', 39),
(323, 'Jabón', 39),
(324, 'Dentífricos', 39),
(325, 'Terbinafina', 40),
(326, 'Paracetamol, Clorzoxazona', 41),
(327, 'Paracetamol, tramadol', 41),
(328, 'Diltiazem', 42),
(329, 'Levocetirizina', 43),
(330, 'Cetirizina', 44),
(331, 'Cetirizina Pseudoefedrina', 44),
(332, 'Desloratadina', 44),
(333, 'Nitrato de Isosorbide', 45),
(334, 'Amiodarona Clorhidrato', 46),
(335, 'Minociclina', 47),
(336, 'Clonazepam', 48),
(337, 'Alprazolam', 48),
(338, 'Pregavalina', 49),
(339, 'Trazodona', 50),
(340, 'Escitalopram', 50),
(341, 'Citalopam', 50),
(342, 'Mirtazapina', 50),
(343, 'Venlafaxina', 50),
(344, 'Paroxetina', 50),
(345, 'Fluoxetina', 50),
(346, 'Saccharomyces boulardii', 51),
(347, 'DIA: Paracetamol, Propifenazona, Pseudoefedrina, Clorfenamina, Cafeína/ NOCHE: Paracetamol, Propifenazona, Pseudoefedrina, Clorfenamina', 52),
(348, 'DIA: Paracetamol, Pseudoefedrina /  NOCHE: Paracetamol, Pseudoefedrina, Clorfenamina', 52),
(349, 'Paracetamol, Pseudoefedrina, Clorfenamina', 52),
(350, 'Cafeína, Clorfenamina, Paracetamol', 52),
(351, 'Bisoprolol Fumarato - Hidroclorotiazida', 53),
(352, 'Maleato de Enalapril Hidroclorotiazina', 53),
(353, 'Carvedilol', 53),
(354, 'Pseudoefedrina, Clorfenamina', 54),
(355, 'Betametasona Dexclorfeniramina', 54),
(356, 'Ketoprofeno', 55),
(357, 'Diclofenaco resinato ', 56),
(358, 'Ibuprofeno', 56),
(359, 'Ergotamina, Metamizol, Cafeína', 57),
(360, 'Metamizol (dipirona, Cafeína, Ergotamina', 57),
(361, 'Naratriptán', 57),
(362, 'Meloxicam', 58),
(363, 'Clorhexidina', 59),
(364, 'Clorfenamina, Pseudoefedria, Codeína', 60),
(365, 'Difenidol', 61),
(366, 'Esomeprazol', 62),
(367, 'Bisoprolol Hemifumarato', 63),
(368, 'Amlodipino', 64),
(369, 'Modafilino', 65),
(370, 'Cerebrotónico', 66),
(371, 'Hedera Helix', 67),
(372, 'Tamsulosina', 68),
(373, 'Isotretinoína', 69),
(374, 'Betametasona', 70),
(375, 'Glimepirida', 71),
(376, 'Metformina Clorhidrato y Glibenclamida', 72),
(377, 'Metformina', 72),
(378, 'Metformina, Glibenclamida', 72),
(379, 'Metformina Clorhidrato ', 72),
(380, 'Policosanol', 73),
(381, ' Levotiroxina Sódica', 74),
(382, 'Levotiroxina Sódica- Liotironina Sódica ', 74),
(383, 'Calcio carbonato', 75),
(384, 'Ciclobenzaprina', 76),
(385, 'Memantina', 77),
(386, 'L-acetilcarnitina', 78),
(387, 'Domperidona', 79),
(388, 'Suplemento alimentario 3 cultivos probióticos, suplemento alimentario', 80),
(389, 'Multivitaminico ', 80),
(390, 'Suplemento alimentario ', 81),
(391, 'Calcio + Vitamina D', 82),
(392, 'Calcio 600 + Vitamina D3', 82),
(393, 'Calcio + vitamina D3', 82),
(394, 'Suplemento alimentario vitaminas y minerales', 83),
(395, 'Acido ascórbico (Vitamina C)', 83),
(396, 'Vitamina B12, Ácido fólico y Vitamina C en microgránulos', 83),
(397, 'Levotiroxina', 84),
(398, 'Vitamina D3', 85),
(399, 'Suplemento alimentario', 86),
(400, 'Suplemento nutricional', 86),
(401, 'Suplemento nutricional completo', 86),
(402, 'Glutamina y probióticos', 86),
(403, 'Goma de mascar', 4),
(405, 'Sin SubCategoria', 87),
(406, 'Lápiz Labial', 39),
(411, 'Crackers y snacks', 14),
(412, 'Mezcla de arroz', 7);

-- --------------------------------------------------------

--
-- Estructura de tabla para la tabla `tipoproducto`
--

CREATE TABLE IF NOT EXISTS `tipoproducto` (
  `IdTipo` int(11) NOT NULL,
  `Nombre` varchar(512) NOT NULL
) ENGINE=InnoDB AUTO_INCREMENT=3 DEFAULT CHARSET=latin1;

--
-- Volcado de datos para la tabla `tipoproducto`
--

INSERT INTO `tipoproducto` (`IdTipo`, `Nombre`) VALUES
(1, 'Alimentos'),
(2, 'Medicamentos');

-- --------------------------------------------------------

--
-- Estructura de tabla para la tabla `user_pwd`
--

CREATE TABLE IF NOT EXISTS `user_pwd` (
  `name` char(30) COLLATE latin1_general_ci NOT NULL DEFAULT '',
  `pass` char(32) COLLATE latin1_general_ci NOT NULL DEFAULT ''
) ENGINE=MyISAM DEFAULT CHARSET=latin1 COLLATE=latin1_general_ci;

--
-- Volcado de datos para la tabla `user_pwd`
--

INSERT INTO `user_pwd` (`name`, `pass`) VALUES
('jsantibanez', '123456');

--
-- Índices para tablas volcadas
--

--
-- Indices de la tabla `categoriaproducto`
--
ALTER TABLE `categoriaproducto`
  ADD PRIMARY KEY (`IdCategoria`),
  ADD KEY `IdTipo` (`IdTipo`);

--
-- Indices de la tabla `empresa`
--
ALTER TABLE `empresa`
  ADD PRIMARY KEY (`IdEmpresa`);

--
-- Indices de la tabla `estadocertificacion`
--
ALTER TABLE `estadocertificacion`
  ADD PRIMARY KEY (`IdEstadoCertificacion`);

--
-- Indices de la tabla `producto`
--
ALTER TABLE `producto`
  ADD PRIMARY KEY (`IdProducto`),
  ADD KEY `IdTipo` (`IdTipo`),
  ADD KEY `IdSubcategoria` (`IdSubcategoria`),
  ADD KEY `IdEmpresa` (`IdEmpresa`),
  ADD KEY `IdCategoria` (`IdCategoria`),
  ADD KEY `IdEstadoCertificacion` (`IdEstadoCertificacion`);

--
-- Indices de la tabla `subcategoriaproducto`
--
ALTER TABLE `subcategoriaproducto`
  ADD PRIMARY KEY (`IdSubcategoria`),
  ADD KEY `IdCategoria` (`IdCategoria`);

--
-- Indices de la tabla `tipoproducto`
--
ALTER TABLE `tipoproducto`
  ADD PRIMARY KEY (`IdTipo`);

--
-- Indices de la tabla `user_pwd`
--
ALTER TABLE `user_pwd`
  ADD PRIMARY KEY (`name`);

--
-- AUTO_INCREMENT de las tablas volcadas
--

--
-- AUTO_INCREMENT de la tabla `categoriaproducto`
--
ALTER TABLE `categoriaproducto`
  MODIFY `IdCategoria` int(11) NOT NULL AUTO_INCREMENT,AUTO_INCREMENT=88;
--
-- AUTO_INCREMENT de la tabla `empresa`
--
ALTER TABLE `empresa`
  MODIFY `IdEmpresa` int(11) NOT NULL AUTO_INCREMENT,AUTO_INCREMENT=229;
--
-- AUTO_INCREMENT de la tabla `estadocertificacion`
--
ALTER TABLE `estadocertificacion`
  MODIFY `IdEstadoCertificacion` int(11) NOT NULL AUTO_INCREMENT,AUTO_INCREMENT=4;
--
-- AUTO_INCREMENT de la tabla `producto`
--
ALTER TABLE `producto`
  MODIFY `IdProducto` int(11) NOT NULL AUTO_INCREMENT,AUTO_INCREMENT=1198;
--
-- AUTO_INCREMENT de la tabla `subcategoriaproducto`
--
ALTER TABLE `subcategoriaproducto`
  MODIFY `IdSubcategoria` int(11) NOT NULL AUTO_INCREMENT,AUTO_INCREMENT=413;
--
-- AUTO_INCREMENT de la tabla `tipoproducto`
--
ALTER TABLE `tipoproducto`
  MODIFY `IdTipo` int(11) NOT NULL AUTO_INCREMENT,AUTO_INCREMENT=3;
--
-- Restricciones para tablas volcadas
--

--
-- Filtros para la tabla `categoriaproducto`
--
ALTER TABLE `categoriaproducto`
  ADD CONSTRAINT `categoriaproducto_ibfk_1` FOREIGN KEY (`IdTipo`) REFERENCES `tipoproducto` (`IdTipo`);

--
-- Filtros para la tabla `producto`
--
ALTER TABLE `producto`
  ADD CONSTRAINT `producto_ibfk_1` FOREIGN KEY (`IdTipo`) REFERENCES `tipoproducto` (`IdTipo`),
  ADD CONSTRAINT `producto_ibfk_2` FOREIGN KEY (`IdSubcategoria`) REFERENCES `subcategoriaproducto` (`IdSubcategoria`),
  ADD CONSTRAINT `producto_ibfk_3` FOREIGN KEY (`IdEmpresa`) REFERENCES `empresa` (`IdEmpresa`),
  ADD CONSTRAINT `producto_ibfk_4` FOREIGN KEY (`IdCategoria`) REFERENCES `categoriaproducto` (`IdCategoria`),
  ADD CONSTRAINT `producto_ibfk_5` FOREIGN KEY (`IdEstadoCertificacion`) REFERENCES `estadocertificacion` (`IdEstadoCertificacion`);

--
-- Filtros para la tabla `subcategoriaproducto`
--
ALTER TABLE `subcategoriaproducto`
  ADD CONSTRAINT `subcategoriaproducto_ibfk_1` FOREIGN KEY (`IdCategoria`) REFERENCES `categoriaproducto` (`IdCategoria`);

/*!40101 SET CHARACTER_SET_CLIENT=@OLD_CHARACTER_SET_CLIENT */;
/*!40101 SET CHARACTER_SET_RESULTS=@OLD_CHARACTER_SET_RESULTS */;
/*!40101 SET COLLATION_CONNECTION=@OLD_COLLATION_CONNECTION */;
